"","gene","chromosome","position","ref","alt","transcript_var","protein_var","exon","exon_num","consequence","rna_score","func_score"
"1","VHL","3",10141961,"C","G","114C>G","S38S",1,3,"synonymous",-0.168955657580225,-0.202756170477227
"2","VHL","3",10141964,"C","T","117C>T","G39G",1,3,"synonymous",-0.143237338290609,-0.299370038882434
"3","VHL","3",10141964,"C","A","117C>A","G39G",1,3,"synonymous",0.194057178357099,0.0283666712496973
"4","VHL","3",10141967,"G","T","120G>T","P40P",1,3,"synonymous",0.439837001698887,0.212873834233141
"5","VHL","3",10141968,"G","T","121G>T","E41*",1,3,"stop_gain",0.497563095246834,-0.083695932067496
"6","VHL","3",10141970,"A","G","123A>G","E41E",1,3,"synonymous",-1.57335957448663,-0.311160745861147
"7","VHL","3",10141971,"G","T","124G>T","E42*",1,3,"stop_gain",0.62349230613128,-0.140615518639042
"8","VHL","3",10141973,"G","A","126G>A","E42E",1,3,"synonymous",0.199344767887106,-0.109785956429682
"9","VHL","3",10141976,"C","A","129C>A","S43S",1,3,"synonymous",-0.0451089058165076,-0.00652972384081331
"10","VHL","3",10141976,"C","G","129C>G","S43S",1,3,"synonymous",-0.405321005062616,0.200559433670092
"11","VHL","3",10141979,"C","A","132C>A","G44G",1,3,"synonymous",0.141294665115182,-0.0759581483166656
"12","VHL","3",10141979,"C","T","132C>T","G44G",1,3,"synonymous",0.289975955675846,-0.0132944930444599
"13","VHL","3",10141979,"C","G","132C>G","G44G",1,3,"synonymous",-0.164460414836357,0.10670585419792
"14","VHL","3",10141982,"G","T","135G>T","P45P",1,3,"synonymous",0.294903642341867,-0.0550878866369841
"15","VHL","3",10141982,"G","A","135G>A","P45P",1,3,"synonymous",0.242259474629323,0.357199544267318
"16","VHL","3",10141983,"G","T","136G>T","E46*",1,3,"stop_gain",0.311178288246163,0.122825476001608
"17","VHL","3",10141985,"G","A","138G>A","E46E",1,3,"synonymous",0.119826564946825,0.405460785813619
"18","VHL","3",10141986,"G","T","139G>T","E47*",1,3,"stop_gain",0.414100296242296,-0.00574566531604625
"19","VHL","3",10141988,"A","G","141A>G","E47E",1,3,"synonymous",-1.16509601852416,0.128296235532962
"20","VHL","3",10141989,"C","T","142C>T","L48L",1,3,"synonymous",0.139195028111026,-0.0168332660620475
"21","VHL","3",10141991,"G","T","144G>T","L48L",1,3,"synonymous",0.293316733967378,-0.0928419578825991
"22","VHL","3",10141991,"G","A","144G>A","L48L",1,3,"synonymous",0.140100611451304,-0.048084532656809
"23","VHL","3",10141994,"C","T","147C>T","G49G",1,3,"synonymous",-0.0890352675179897,0.112172020762867
"24","VHL","3",10141994,"C","G","147C>G","G49G",1,3,"synonymous",-0.728578888659285,0.123262418682244
"25","VHL","3",10141994,"C","A","147C>A","G49G",1,3,"synonymous",0.34776496113483,0.242506275591726
"26","VHL","3",10141997,"C","G","150C>G","A50A",1,3,"synonymous",-0.846817571521982,0.00735672318547831
"27","VHL","3",10141997,"C","T","150C>T","A50A",1,3,"synonymous",0.0743919844863102,0.0987251365874091
"28","VHL","3",10141998,"G","T","151G>T","E51*",1,3,"stop_gain",0.461552428070779,0.549500783840677
"29","VHL","3",10142000,"G","A","153G>A","E51E",1,3,"synonymous",0.200457965880358,0.0474495508063899
"30","VHL","3",10142001,"G","T","154G>T","E52*",1,3,"stop_gain",0.421718281958594,-0.10153313366806
"31","VHL","3",10142003,"G","A","156G>A","E52E",1,3,"synonymous",0.236441214007141,-0.222145404117634
"32","VHL","3",10142004,"G","T","157G>T","E53*",1,3,"stop_gain",0.282527830560246,-0.0766639951491192
"33","VHL","3",10142006,"G","A","159G>A","E53E",1,3,"synonymous",0.453029437979147,-0.00771657910264126
"34","VHL","3",10142010,"G","T","163G>T","E55*",1,3,"stop_gain",-0.016474547424306,-2.61274153030605
"35","VHL","3",10142012,"G","A","165G>A","E55E",1,3,"synonymous",0.18571053311732,-0.028163035447992
"36","VHL","3",10142015,"C","A","168C>A","A56A",1,3,"synonymous",0.0918362439621216,-0.164363545958612
"37","VHL","3",10142015,"C","G","168C>G","A56A",1,3,"synonymous",-0.497080218706229,0.137058900965856
"38","VHL","3",10142015,"C","T","168C>T","A56A",1,3,"synonymous",-0.0194503420229837,0.226337665738248
"39","VHL","3",10142018,"G","C","171G>C","G57G",1,3,"synonymous",-0.0719872084915405,-0.168850762053187
"40","VHL","3",10142018,"G","A","171G>A","G57G",1,3,"synonymous",0.0555591697525375,0.0214338152414012
"41","VHL","3",10142018,"G","T","171G>T","G57G",1,3,"synonymous",0.249612505481633,0.188197217026811
"42","VHL","3",10142019,"C","A","172C>A","R58R",1,3,"synonymous",0.384960365702873,0.0627895332611055
"43","VHL","3",10142021,"G","T","174G>T","R58R",1,3,"synonymous",0.511305575800301,-0.0291767601234964
"44","VHL","3",10142021,"G","C","174G>C","R58R",1,3,"synonymous",0.297809146892235,0.0748127302621761
"45","VHL","3",10142021,"G","A","174G>A","R58R",1,3,"synonymous",-0.19899199521389,0.080282476827537
"46","VHL","3",10142024,"G","C","177G>C","P59P",1,3,"synonymous",-0.0875751228671321,-0.0822566250454254
"47","VHL","3",10142024,"G","A","177G>A","P59P",1,3,"synonymous",0.0110628961761462,0.112238419185617
"48","VHL","3",10142024,"G","T","177G>T","P59P",1,3,"synonymous",0.282010177100768,0.309638734258467
"49","VHL","3",10142025,"C","A","178C>A","R60R",1,3,"synonymous",0.0566791483400508,-0.243831381999566
"50","VHL","3",10142027,"G","C","180G>C","R60R",1,3,"synonymous",0.164421924109069,-0.162173508034563
"51","VHL","3",10142027,"G","T","180G>T","R60R",1,3,"synonymous",0.382115036454202,0.187640745607088
"52","VHL","3",10142027,"G","A","180G>A","R60R",1,3,"synonymous",0,0.201701674772497
"53","VHL","3",10142030,"C","A","183C>A","P61P",1,3,"synonymous",-0.183118510059436,-0.120902601856887
"54","VHL","3",10142030,"C","G","183C>G","P61P",1,3,"synonymous",0.0581989759288595,-0.0834200313483592
"55","VHL","3",10142030,"C","T","183C>T","P61P",1,3,"synonymous",0.234174444872634,0.0397513231298869
"56","VHL","3",10142033,"G","T","186G>T","V62V",1,3,"synonymous",0.00538506187898116,-0.184394932106662
"57","VHL","3",10142033,"G","A","186G>A","V62V",1,3,"synonymous",-0.260419871528542,-0.0486566391605156
"58","VHL","3",10142033,"G","C","186G>C","V62V",1,3,"synonymous",0.0732174143401346,0.204447085951002
"59","VHL","3",10142034,"C","T","187C>T","L63L",1,3,"synonymous",-0.455551949217466,-0.0753338786986115
"60","VHL","3",10142036,"G","T","189G>T","L63L",1,3,"synonymous",0.123939121784769,-0.0870293121244765
"61","VHL","3",10142036,"G","A","189G>A","L63L",1,3,"synonymous",0.166794890656627,0.154285329400717
"62","VHL","3",10142036,"G","C","189G>C","L63L",1,3,"synonymous",-0.0251035631280182,0.278011124566737
"63","VHL","3",10142039,"C","T","192C>T","R64R",1,3,"synonymous",0.0380680219370325,-0.0412599073450293
"64","VHL","3",10142039,"C","G","192C>G","R64R",1,3,"synonymous",-0.218641105775094,0.011246581771097
"65","VHL","3",10142039,"C","A","192C>A","R64R",1,3,"synonymous",0.0794867723555383,0.204166823351475
"66","VHL","3",10142041,"C","A","194C>A","S65*",1,3,"stop_gain",-0.154841000726786,-2.25534791748931
"67","VHL","3",10142042,"G","A","195G>A","S65S",1,3,"synonymous",-0.609319801562513,-0.0572713874893962
"68","VHL","3",10142042,"G","C","195G>C","S65S",1,3,"synonymous",-0.308968410903701,0.0248163664612726
"69","VHL","3",10142042,"G","T","195G>T","S65S",1,3,"synonymous",0.156621081626333,0.162375197328389
"70","VHL","3",10142045,"G","T","198G>T","V66V",1,3,"synonymous",-0.102856106577729,-0.103125989908137
"71","VHL","3",10142045,"G","A","198G>A","V66V",1,3,"synonymous",0.0287947330730157,0.0122542623890195
"72","VHL","3",10142045,"G","C","198G>C","V66V",1,3,"synonymous",-0.00449103749542363,0.119088156922547
"73","VHL","3",10142048,"C","T","201C>T","N67N",1,3,"synonymous",-0.110429175828878,0.429184318646689
"74","VHL","3",10142050,"C","A","203C>A","S68*",1,3,"stop_gain",0.10487730190701,-1.88645276902959
"75","VHL","3",10142051,"G","T","204G>T","S68S",1,3,"synonymous",0.164361895621057,-0.197031877509309
"76","VHL","3",10142051,"G","C","204G>C","S68S",1,3,"synonymous",0.11249048836627,-0.0292749804997639
"77","VHL","3",10142051,"G","A","204G>A","S68S",1,3,"synonymous",-0.222082587634444,0.094381609906932
"78","VHL","3",10142054,"C","T","207C>T","R69R",1,3,"synonymous",-0.0927374743434607,-0.159605938267825
"79","VHL","3",10142054,"C","G","207C>G","R69R",1,3,"synonymous",0.242192363657872,-0.0533625524986341
"80","VHL","3",10142054,"C","A","207C>A","R69R",1,3,"synonymous",-0.176474539408796,0.122538562469147
"81","VHL","3",10142055,"G","T","208G>T","E70*",1,3,"stop_gain",-0.0500916633962701,-3.29380665921696
"82","VHL","3",10142057,"G","A","210G>A","E70E",1,3,"synonymous",-0.234553418341311,-0.100195525003217
"83","VHL","3",10142060,"C","A","213C>A","P71P",1,3,"synonymous",0.120751150691883,0
"84","VHL","3",10142060,"C","T","213C>T","P71P",1,3,"synonymous",-0.0634968158872237,0.0699709351424251
"85","VHL","3",10142060,"C","G","213C>G","P71P",1,3,"synonymous",0.182524446351676,0.347028799857329
"86","VHL","3",10142063,"C","A","216C>A","S72S",1,3,"synonymous",-0.092165126016144,-0.278166699990651
"87","VHL","3",10142063,"C","G","216C>G","S72S",1,3,"synonymous",0.194754253334769,-0.0710932481219326
"88","VHL","3",10142063,"C","T","216C>T","S72S",1,3,"synonymous",-0.0237032144765971,0.0182817993782634
"89","VHL","3",10142064,"C","T","217C>T","Q73*",1,3,"stop_gain",-0.337187525354269,-2.15715463551772
"90","VHL","3",10142066,"G","A","219G>A","Q73Q",1,3,"synonymous",-0.0936409618824664,-0.147221034484326
"91","VHL","3",10142069,"C","A","222C>A","V74V",1,3,"synonymous",-4.4503391514394,-0.404734483625889
"92","VHL","3",10142069,"C","G","222C>G","V74V",1,3,"synonymous",-0.126282392678455,-0.149275835496583
"93","VHL","3",10142069,"C","T","222C>T","V74V",1,3,"synonymous",-0.154030299172814,-0.130273372694892
"94","VHL","3",10142072,"C","A","225C>A","I75I",1,3,"synonymous",-0.170226572463613,-0.0666478376051941
"95","VHL","3",10142072,"C","T","225C>T","I75I",1,3,"synonymous",-0.372566568470182,0.195013900486194
"96","VHL","3",10142075,"C","T","228C>T","F76F",1,3,"synonymous",0.164715173828148,-0.0435656798467289
"97","VHL","3",10142078,"C","A","231C>A","C77*",1,3,"stop_gain",0.106011149513435,-2.70115827617603
"98","VHL","3",10142078,"C","T","231C>T","C77C",1,3,"synonymous",-0.775596633698596,-0.129651701997548
"99","VHL","3",10142081,"T","C","234T>C","N78N",1,3,"synonymous",-0.0705236846126591,-0.0775877039561063
"100","VHL","3",10142084,"C","G","237C>G","R79R",1,3,"synonymous",-0.14230699138924,-0.132674062002641
"101","VHL","3",10142084,"C","T","237C>T","R79R",1,3,"synonymous",-0.136784773927351,0.0630259009387539
"102","VHL","3",10142084,"C","A","237C>A","R79R",1,3,"synonymous",-0.0167482358883727,0.16999584683537
"103","VHL","3",10142087,"T","C","240T>C","S80S",1,3,"synonymous",0.240937294064903,-0.0319238045066108
"104","VHL","3",10142090,"G","T","243G>T","P81P",1,3,"synonymous",0.346995573490862,0
"105","VHL","3",10142090,"G","A","243G>A","P81P",1,3,"synonymous",0.320196203298209,0.0105460011022112
"106","VHL","3",10142090,"G","C","243G>C","P81P",1,3,"synonymous",-0.531437352866201,0.104651529563241
"107","VHL","3",10142093,"C","A","246C>A","R82R",1,3,"synonymous",0.157089667306488,0.0313747486231092
"108","VHL","3",10142093,"C","T","246C>T","R82R",1,3,"synonymous",0.158138347397211,0.0923855507871238
"109","VHL","3",10142093,"C","G","246C>G","R82R",1,3,"synonymous",0.0143423166724376,0.116389482389387
"110","VHL","3",10142096,"C","G","249C>G","V83V",1,3,"synonymous",0.324099539837303,-0.0904655094184973
"111","VHL","3",10142096,"C","T","249C>T","V83V",1,3,"synonymous",-0.102944485884459,0.114071555933784
"112","VHL","3",10142096,"C","A","249C>A","V83V",1,3,"synonymous",0.0567583965325847,0.170293582774137
"113","VHL","3",10142099,"G","C","252G>C","V84V",1,3,"synonymous",0.189483480722086,-0.0747416568140215
"114","VHL","3",10142099,"G","T","252G>T","V84V",1,3,"synonymous",0.105582953584584,0.0341798719720159
"115","VHL","3",10142099,"G","A","252G>A","V84V",1,3,"synonymous",-0.842808805070995,0.063679347870503
"116","VHL","3",10142100,"C","T","253C>T","L85L",1,3,"synonymous",-0.706696948627161,-0.166118586003656
"117","VHL","3",10142102,"G","T","255G>T","L85L",1,3,"synonymous",0.129784056005593,0.0136214018947419
"118","VHL","3",10142102,"G","C","255G>C","L85L",1,3,"synonymous",0.216892142343068,0.049082582923475
"119","VHL","3",10142102,"G","A","255G>A","L85L",1,3,"synonymous",-0.0422344559805009,0.127935203118528
"120","VHL","3",10142105,"C","G","258C>G","P86P",1,3,"synonymous",-0.0582055387394594,-0.144018840068904
"121","VHL","3",10142105,"C","T","258C>T","P86P",1,3,"synonymous",-0.118369961492432,-0.0535615511457541
"122","VHL","3",10142105,"C","A","258C>A","P86P",1,3,"synonymous",-0.173135077078151,0.134876160343114
"123","VHL","3",10142108,"A","C","261A>C","V87V",1,3,"synonymous",0.261618819683703,-0.123427799165959
"124","VHL","3",10142108,"A","T","261A>T","V87V",1,3,"synonymous",0.0337804330651847,-0.122938278788837
"125","VHL","3",10142108,"A","G","261A>G","V87V",1,3,"synonymous",-0.34491472920206,-0.103673207653488
"126","VHL","3",10142110,"G","A","263G>A","W88*",1,3,"stop_gain",-0.191058868933002,-2.53232509469302
"127","VHL","3",10142111,"G","A","264G>A","W88*",1,3,"stop_gain",-0.844539324318158,-0.155985108036409
"128","VHL","3",10142114,"C","G","267C>G","L89L",1,3,"synonymous",0.317396529388883,-0.197473769239177
"129","VHL","3",10142114,"C","A","267C>A","L89L",1,3,"synonymous",0.382626553701356,-0.0437564291313435
"130","VHL","3",10142114,"C","T","267C>T","L89L",1,3,"synonymous",0.251223108375622,-0.0243655329923
"131","VHL","3",10142117,"C","T","270C>T","N90N",1,3,"synonymous",-0.390218398301368,-0.142206824831553
"132","VHL","3",10142120,"C","T","273C>T","F91F",1,3,"synonymous",0.0337024619696284,0.00125525320617089
"133","VHL","3",10142123,"C","T","276C>T","D92D",1,3,"synonymous",-0.166382925235981,-0.146514372144896
"134","VHL","3",10142126,"C","T","279C>T","G93G",1,3,"synonymous",-0.124434519489131,-0.129683071145227
"135","VHL","3",10142126,"C","G","279C>G","G93G",1,3,"synonymous",0,-0.075751887881348
"136","VHL","3",10142126,"C","A","279C>A","G93G",1,3,"synonymous",0.215980265770093,-0.0221776196738904
"137","VHL","3",10142129,"G","A","282G>A","E94E",1,3,"synonymous",-0.417449730386669,0.0394358549481245
"138","VHL","3",10142132,"G","A","285G>A","P95P",1,3,"synonymous",-0.305324452423193,0.0415687191348666
"139","VHL","3",10142132,"G","T","285G>T","P95P",1,3,"synonymous",0.203352877828109,0.0940074953778428
"140","VHL","3",10142132,"G","C","285G>C","P95P",1,3,"synonymous",0.0565915858731448,0.141123235528545
"141","VHL","3",10142133,"C","T","286C>T","Q96*",1,3,"stop_gain",-0.598744019391917,-2.12627587400458
"142","VHL","3",10142135,"G","A","288G>A","Q96Q",1,3,"synonymous",0.160782203919611,0.0565198707305043
"143","VHL","3",10142138,"C","A","291C>A","P97P",1,3,"synonymous",-0.175822520359201,-0.0302421026182262
"144","VHL","3",10142138,"C","T","291C>T","P97P",1,3,"synonymous",0.195719796199434,0.0476656929642588
"145","VHL","3",10142138,"C","G","291C>G","P97P",1,3,"synonymous",0.304850280406889,0.377210682298985
"146","VHL","3",10142141,"C","A","294C>A","Y98*",1,3,"stop_gain",-0.307763567504474,-3.38255407274497
"147","VHL","3",10142141,"C","G","294C>G","Y98*",1,3,"stop_gain",-0.609142970770253,-2.26653634096376
"148","VHL","3",10142141,"C","T","294C>T","Y98Y",1,3,"synonymous",-0.170967575353579,-0.0272781655666257
"149","VHL","3",10142144,"A","T","297A>T","P99P",1,3,"synonymous",-0.379216369038203,-0.510870495887944
"150","VHL","3",10142144,"A","C","297A>C","P99P",1,3,"synonymous",-0.311494543779862,-0.13772573030255
"151","VHL","3",10142144,"A","G","297A>G","P99P",1,3,"synonymous",0.0452256618635853,0.0935611809808954
"152","VHL","3",10142147,"G","C","300G>C","T100T",1,3,"synonymous",0.169347582188972,-0.118525180299148
"153","VHL","3",10142147,"G","T","300G>T","T100T",1,3,"synonymous",-0.217116479371463,-0.0893690620710636
"154","VHL","3",10142147,"G","A","300G>A","T100T",1,3,"synonymous",-0.619261838329206,0.00899484320658645
"155","VHL","3",10142148,"C","T","301C>T","L101L",1,3,"synonymous",-0.307037100867604,-0.075782452194595
"156","VHL","3",10142150,"G","C","303G>C","L101L",1,3,"synonymous",-0.431330828867942,-0.1568587562186
"157","VHL","3",10142150,"G","T","303G>T","L101L",1,3,"synonymous",0.0240354132423808,-0.133725731087923
"158","VHL","3",10142150,"G","A","303G>A","L101L",1,3,"synonymous",-0.479271568783513,-0.116752616201328
"159","VHL","3",10142153,"G","C","306G>C","P102P",1,3,"synonymous",-0.0790712608390823,-0.104689754114586
"160","VHL","3",10142153,"G","A","306G>A","P102P",1,3,"synonymous",-0.702915681694555,-0.0860594867443737
"161","VHL","3",10142153,"G","T","306G>T","P102P",1,3,"synonymous",0.0720430112774864,-0.0577519220802156
"162","VHL","3",10142156,"T","G","309T>G","P103P",1,3,"synonymous",-0.744369427981922,0.0123654284644329
"163","VHL","3",10142156,"T","A","309T>A","P103P",1,3,"synonymous",-0.105904624065748,0.0294048976844272
"164","VHL","3",10142156,"T","C","309T>C","P103P",1,3,"synonymous",0.047576858275053,0.111689723320242
"165","VHL","3",10142159,"C","A","312C>A","G104G",1,3,"synonymous",0.180846547333448,0.0253479302989737
"166","VHL","3",10142159,"C","T","312C>T","G104G",1,3,"synonymous",-0.13429042903986,0.119166357443031
"167","VHL","3",10142162,"G","T","315G>T","T105T",1,3,"synonymous",-0.186056810216115,-0.117042546535738
"168","VHL","3",10142162,"G","C","315G>C","T105T",1,3,"synonymous",-0.15236748818088,-0.00502835843797675
"169","VHL","3",10142162,"G","A","315G>A","T105T",1,3,"synonymous",0.187456352937874,0.0972201508480438
"170","VHL","3",10142165,"C","G","318C>G","G106G",1,3,"synonymous",0.0201745397587931,-0.113754795357971
"171","VHL","3",10142165,"C","T","318C>T","G106G",1,3,"synonymous",-0.0671144743680631,-0.0967250484246214
"172","VHL","3",10142165,"C","A","318C>A","G106G",1,3,"synonymous",0.055136590012335,0.146290437180781
"173","VHL","3",10142168,"C","A","321C>A","R107R",1,3,"synonymous",-0.0550834671236139,0.0497879363552268
"174","VHL","3",10142168,"C","G","321C>G","R107R",1,3,"synonymous",-0.0370217911026895,0.0830453081605937
"175","VHL","3",10142168,"C","T","321C>T","R107R",1,3,"synonymous",0.235597971123648,0.327996772617335
"176","VHL","3",10142171,"C","A","324C>A","R108R",1,3,"synonymous",-0.046128709124711,-0.105459047890928
"177","VHL","3",10142171,"C","T","324C>T","R108R",1,3,"synonymous",-0.0351610881604396,-0.0719922828766008
"178","VHL","3",10142171,"C","G","324C>G","R108R",1,3,"synonymous",0.287618347315646,0.143397629597834
"179","VHL","3",10142174,"C","T","327C>T","I109I",1,3,"synonymous",0.220751699761368,0.0115493832709457
"180","VHL","3",10142177,"C","T","330C>T","H110H",1,3,"synonymous",-0.365616943661044,-0.0301854592139826
"181","VHL","3",10142180,"C","T","333C>T","S111S",1,3,"synonymous",-0.0979094719849978,-0.0285203516722921
"182","VHL","3",10142183,"C","G","336C>G","Y112*",1,3,"stop_gain",-0.946850820472854,-3.50332135685821
"183","VHL","3",10142183,"C","A","336C>A","Y112*",1,3,"stop_gain",-0.698839690238065,-3.18194193938207
"184","VHL","3",10142183,"C","T","336C>T","Y112Y",1,3,"synonymous",0.180523194658744,0.0733314951168506
"185","VHL","3",10142184,"C","T","337C>T","R113*",1,3,"stop_gain",-1.11011928388271,-2.32467616426963
"186","VHL","3",10142184,"C","A","337C>A","R113R",1,3,"synonymous",0.0559383175250774,0.115045907754279
"187","VHL","3",10146518,"C","T","345C>T","H115H",2,3,"synonymous",-0.976007587012951,-0.115615660000021
"188","VHL","3",10146521,"T","C","348T>C","L116L",2,3,"synonymous",-0.744223057605244,-0.172085599577049
"189","VHL","3",10146521,"T","G","348T>G","L116L",2,3,"synonymous",-0.505823195703668,-0.0285414851497608
"190","VHL","3",10146521,"T","A","348T>A","L116L",2,3,"synonymous",0.130473218716699,0.306248289191974
"191","VHL","3",10146523,"G","A","350G>A","W117*",2,3,"stop_gain",-2.42262255555038,-2.43539166881771
"192","VHL","3",10146524,"G","A","351G>A","W117*",2,3,"stop_gain",-0.790753224639591,-1.31175910526473
"193","VHL","3",10146527,"C","A","354C>A","L118L",2,3,"synonymous",-1.6758766446439,-0.483398010079541
"194","VHL","3",10146527,"C","T","354C>T","L118L",2,3,"synonymous",-2.49949273100034,-0.159106256546735
"195","VHL","3",10146527,"C","G","354C>G","L118L",2,3,"synonymous",-0.523303330017463,0.110570552949128
"196","VHL","3",10146530,"C","T","357C>T","F119F",2,3,"synonymous",-3.30801901152173,-0.743376878607108
"197","VHL","3",10146531,"A","T","358A>T","R120*",2,3,"stop_gain",-0.846584679850054,-2.97771914164246
"198","VHL","3",10146531,"A","C","358A>C","R120R",2,3,"synonymous",-0.0438187703994124,0.0411399582548488
"199","VHL","3",10146533,"A","G","360A>G","R120R",2,3,"synonymous",-0.263849811803897,0.0583780220779918
"200","VHL","3",10146536,"T","C","363T>C","D121D",2,3,"synonymous",-0.000522029797609945,0.0826184436197637
"201","VHL","3",10146539,"A","C","366A>C","A122A",2,3,"synonymous",0.00944296587932598,-0.159643146580079
"202","VHL","3",10146539,"A","T","366A>T","A122A",2,3,"synonymous",0.0422013199465026,-0.134735657319364
"203","VHL","3",10146539,"A","G","366A>G","A122A",2,3,"synonymous",0.0922390931617149,0
"204","VHL","3",10146542,"G","T","369G>T","G123G",2,3,"synonymous",-1.59773221362256,-0.162928215257715
"205","VHL","3",10146542,"G","A","369G>A","G123G",2,3,"synonymous",0.135158748622651,-0.0736110519507168
"206","VHL","3",10146542,"G","C","369G>C","G123G",2,3,"synonymous",-0.347833678896658,0.187347175600972
"207","VHL","3",10146545,"A","T","372A>T","T124T",2,3,"synonymous",0.290450826590671,-0.186653947866228
"208","VHL","3",10146545,"A","C","372A>C","T124T",2,3,"synonymous",0.0138491635185695,-0.092146397362019
"209","VHL","3",10146545,"A","G","372A>G","T124T",2,3,"synonymous",0.0328885962315534,0.0240533787871459
"210","VHL","3",10146548,"C","T","375C>T","H125H",2,3,"synonymous",-0.248653377094306,-0.0682262123193987
"211","VHL","3",10146551,"T","C","378T>C","D126D",2,3,"synonymous",0.433311018737636,-0.140212375460599
"212","VHL","3",10146554,"G","C","381G>C","G127G",2,3,"synonymous",-0.515163590077948,-0.0506442344213446
"213","VHL","3",10146554,"G","T","381G>T","G127G",2,3,"synonymous",0.584876551434731,0.0377715242863347
"214","VHL","3",10146554,"G","A","381G>A","G127G",2,3,"synonymous",0.204595884790851,0.0609508359581989
"215","VHL","3",10146557,"T","A","384T>A","L128L",2,3,"synonymous",0.0781216568592572,0.0733879325674129
"216","VHL","3",10146557,"T","G","384T>G","L128L",2,3,"synonymous",-0.938913062606605,0.103348988036626
"217","VHL","3",10146560,"G","A","387G>A","L129L",2,3,"synonymous",-0.904892679105168,-0.395030313456018
"218","VHL","3",10146560,"G","T","387G>T","L129L",2,3,"synonymous",-0.270226334209444,-0.21215115628038
"219","VHL","3",10146563,"T","C","390T>C","V130V",2,3,"synonymous",0.205132280179078,0.0782985859744787
"220","VHL","3",10146563,"T","G","390T>G","V130V",2,3,"synonymous",0.551171274197438,0.109828944692719
"221","VHL","3",10146563,"T","A","390T>A","V130V",2,3,"synonymous",0.249143980333975,0.201198735534346
"222","VHL","3",10146566,"C","T","393C>T","N131N",2,3,"synonymous",0.128857265819896,0.0458298868144696
"223","VHL","3",10146567,"C","T","394C>T","Q132*",2,3,"stop_gain",-1.25600213293323,-2.88278156029796
"224","VHL","3",10146569,"A","G","396A>G","Q132Q",2,3,"synonymous",0.238628500813212,0.0327392560892078
"225","VHL","3",10146572,"T","A","399T>A","T133T",2,3,"synonymous",0.187447844568955,0.0459892391277374
"226","VHL","3",10146572,"T","C","399T>C","T133T",2,3,"synonymous",0.367865593951715,0.0778111303012232
"227","VHL","3",10146572,"T","G","399T>G","T133T",2,3,"synonymous",0.579086539870487,0.0889585179844458
"228","VHL","3",10146573,"G","T","400G>T","E134*",2,3,"stop_gain",-2.16672210960666,-2.43083642316218
"229","VHL","3",10146575,"A","G","402A>G","E134E",2,3,"synonymous",-0.0751032371652142,0.0201884629342286
"230","VHL","3",10146576,"T","C","403T>C","L135L",2,3,"synonymous",0.148399283708804,-0.199371808774865
"231","VHL","3",10146577,"T","A","404T>A","L135*",2,3,"stop_gain",-0.786724854167811,-3.15733364504012
"232","VHL","3",10146577,"T","G","404T>G","L135*",2,3,"stop_gain",-0.776123467318207,-2.90335039504451
"233","VHL","3",10146578,"A","G","405A>G","L135L",2,3,"synonymous",0.303314228736047,-0.0213109201597716
"234","VHL","3",10146581,"T","C","408T>C","F136F",2,3,"synonymous",0.472543523288317,0.130782358439356
"235","VHL","3",10146584,"G","T","411G>T","V137V",2,3,"synonymous",-0.292691213060202,-0.103310023109679
"236","VHL","3",10146584,"G","C","411G>C","V137V",2,3,"synonymous",-1.04997141874019,-0.0378880003739422
"237","VHL","3",10146584,"G","A","411G>A","V137V",2,3,"synonymous",-0.328239316029308,0.103059355741539
"238","VHL","3",10146587,"A","G","414A>G","P138P",2,3,"synonymous",-3.11330887390965,-0.384242434194961
"239","VHL","3",10146587,"A","C","414A>C","P138P",2,3,"synonymous",-0.654126250524702,-0.133466693202747
"240","VHL","3",10146587,"A","T","414A>T","P138P",2,3,"synonymous",0.0629341091106982,0.103330378222176
"241","VHL","3",10146590,"T","C","417T>C","S139S",2,3,"synonymous",-0.0704409729661173,-0.128538248261293
"242","VHL","3",10146590,"T","G","417T>G","S139S",2,3,"synonymous",0.270965365634042,0.176952022889414
"243","VHL","3",10146590,"T","A","417T>A","S139S",2,3,"synonymous",0.157633541042508,0.179515494778308
"244","VHL","3",10146593,"C","T","420C>T","L140L",2,3,"synonymous",-0.624889154568356,-0.0157533375216842
"245","VHL","3",10146593,"C","G","420C>G","L140L",2,3,"synonymous",0.174104413639824,0.0844733272867336
"246","VHL","3",10146593,"C","A","420C>A","L140L",2,3,"synonymous",-0.0936295188691517,0.232443064230832
"247","VHL","3",10146596,"T","C","423T>C","N141N",2,3,"synonymous",0.388447229433149,0.0363300921395941
"248","VHL","3",10146599,"T","A","426T>A","V142V",2,3,"synonymous",-0.0623006553467675,-0.0791903709753643
"249","VHL","3",10146599,"T","C","426T>C","V142V",2,3,"synonymous",0.33724044863314,-0.0520668426895928
"250","VHL","3",10146599,"T","G","426T>G","V142V",2,3,"synonymous",0.387525993434053,0.180965871839786
"251","VHL","3",10146602,"C","T","429C>T","D143D",2,3,"synonymous",-1.22147215776927,-0.0521281476802268
"252","VHL","3",10146603,"G","T","430G>T","G144*",2,3,"stop_gain",-0.708030179614579,-2.28322554013029
"253","VHL","3",10146605,"A","T","432A>T","G144G",2,3,"synonymous",-2.33055220803406,-0.20735013074051
"254","VHL","3",10146605,"A","C","432A>C","G144G",2,3,"synonymous",-0.262742335549145,-0.0761941098248479
"255","VHL","3",10146606,"C","T","433C>T","Q145*",2,3,"stop_gain",-1.5442473540361,-2.32981517206895
"256","VHL","3",10146608,"G","A","435G>A","Q145Q",2,3,"synonymous",0.0455497831120656,0.150034498457905
"257","VHL","3",10146611,"T","A","438T>A","P146P",2,3,"synonymous",0.113565660301704,-0.178943961582333
"258","VHL","3",10146611,"T","G","438T>G","P146P",2,3,"synonymous",0.234349499852018,0.0486888023362172
"259","VHL","3",10146611,"T","C","438T>C","P146P",2,3,"synonymous",-0.244141938843426,0.165344250276553
"260","VHL","3",10146614,"T","A","441T>A","I147I",2,3,"synonymous",0,0.178408769827198
"261","VHL","3",10146617,"T","C","444T>C","F148F",2,3,"synonymous",0.281490280887865,-0.144574737366514
"262","VHL","3",10146620,"C","G","447C>G","A149A",2,3,"synonymous",0.167574276995297,-0.0718407747133349
"263","VHL","3",10146620,"C","T","447C>T","A149A",2,3,"synonymous",-0.401931589152869,0.0389544549867469
"264","VHL","3",10146620,"C","A","447C>A","A149A",2,3,"synonymous",0.0918460459546768,0.165859318452861
"265","VHL","3",10146623,"T","C","450T>C","N150N",2,3,"synonymous",0.244350393277847,0.0382941248070972
"266","VHL","3",10146626,"C","A","453C>A","I151I",2,3,"synonymous",-0.290101917881465,-0.157757994117161
"267","VHL","3",10146629,"A","C","456A>C","T152T",2,3,"synonymous",-0.180847522313362,-0.317907282353728
"268","VHL","3",10146629,"A","G","456A>G","T152T",2,3,"synonymous",0.122302760186401,-0.0681568479567254
"269","VHL","3",10146629,"A","T","456A>T","T152T",2,3,"synonymous",-0.436696474881814,0.147890106883379
"270","VHL","3",10146630,"C","T","457C>T","L153L",2,3,"synonymous",-0.181573467161336,-0.0353978787842173
"271","VHL","3",10146632,"G","A","459G>A","L153L",2,3,"synonymous",-0.238619795037583,-0.0942610074364635
"272","VHL","3",10146632,"G","C","459G>C","L153L",2,3,"synonymous",-0.0173530490224549,-0.0500023460651977
"273","VHL","3",10146632,"G","T","459G>T","L153L",2,3,"synonymous",0.179962934738818,0.12118748071557
"274","VHL","3",10149791,"T","G","468T>G","Y156*",3,3,"stop_gain",-0.458830877350064,-2.40661148256694
"275","VHL","3",10149791,"T","A","468T>A","Y156*",3,3,"stop_gain",-0.6459137979852,-1.85934770608205
"276","VHL","3",10149791,"T","C","468T>C","Y156Y",3,3,"synonymous",0.0330535028797183,-0.0427458425003872
"277","VHL","3",10149794,"T","G","471T>G","T157T",3,3,"synonymous",-0.106269435787546,-0.165927866742827
"278","VHL","3",10149794,"T","A","471T>A","T157T",3,3,"synonymous",-0.207739574145472,-0.0452047158520557
"279","VHL","3",10149794,"T","C","471T>C","T157T",3,3,"synonymous",0.106868319283713,0.0241702248970019
"280","VHL","3",10149795,"C","T","472C>T","L158L",3,3,"synonymous",-0.278289835978427,-0.108657291556507
"281","VHL","3",10149797,"G","C","474G>C","L158L",3,3,"synonymous",-0.458155792723461,-0.063303951568836
"282","VHL","3",10149797,"G","A","474G>A","L158L",3,3,"synonymous",0.137558232590362,-0.005490184122671
"283","VHL","3",10149797,"G","T","474G>T","L158L",3,3,"synonymous",-0.192024573146605,0.0286722440310239
"284","VHL","3",10149798,"A","T","475A>T","K159*",3,3,"stop_gain",-0.11990983838577,-1.63338446821556
"285","VHL","3",10149800,"A","G","477A>G","K159K",3,3,"synonymous",-0.0520128864966106,-0.103399465725465
"286","VHL","3",10149801,"G","T","478G>T","E160*",3,3,"stop_gain",-0.382223820809983,-2.10566968712291
"287","VHL","3",10149803,"G","A","480G>A","E160E",3,3,"synonymous",-0.164860042382117,-0.0206689427656822
"288","VHL","3",10149804,"C","T","481C>T","R161*",3,3,"stop_gain",-0.522058699480579,-0.906789978824261
"289","VHL","3",10149804,"C","A","481C>A","R161R",3,3,"synonymous",-0.0535404955621393,0.108186168244865
"290","VHL","3",10149806,"A","T","483A>T","R161R",3,3,"synonymous",-0.131881717788303,0.000337412864577212
"291","VHL","3",10149806,"A","G","483A>G","R161R",3,3,"synonymous",0.00596568313531268,0.279080675051285
"292","VHL","3",10149809,"C","A","486C>A","C162*",3,3,"stop_gain",-0.723939100599422,-2.03432609140553
"293","VHL","3",10149809,"C","T","486C>T","C162C",3,3,"synonymous",-0.189442044193159,0.0650668363578733
"294","VHL","3",10149812,"C","G","489C>G","L163L",3,3,"synonymous",-0.0586065929516944,-0.153421980196163
"295","VHL","3",10149812,"C","T","489C>T","L163L",3,3,"synonymous",-0.100727360134641,0.0158779621505496
"296","VHL","3",10149812,"C","A","489C>A","L163L",3,3,"synonymous",-0.105409475546715,0.0493661549113951
"297","VHL","3",10149813,"C","T","490C>T","Q164*",3,3,"stop_gain",-0.107008605188794,-1.76797772802864
"298","VHL","3",10149815,"G","A","492G>A","Q164Q",3,3,"synonymous",-0.0357107747395862,-0.0392970972412601
"299","VHL","3",10149818,"T","C","495T>C","V165V",3,3,"synonymous",0.0567385086489611,-0.0128126935411526
"300","VHL","3",10149818,"T","G","495T>G","V165V",3,3,"synonymous",-0.0401098369771206,-0.00961568944843201
"301","VHL","3",10149818,"T","A","495T>A","V165V",3,3,"synonymous",-0.0484287274057672,0.0749504150023006
"302","VHL","3",10149821,"C","A","498C>A","V166V",3,3,"synonymous",-0.012533252941344,-0.0394752387813539
"303","VHL","3",10149821,"C","T","498C>T","V166V",3,3,"synonymous",0.00391708720659362,-0.0222284848763688
"304","VHL","3",10149821,"C","G","498C>G","V166V",3,3,"synonymous",0.0116618139842727,0.205226653504977
"305","VHL","3",10149822,"C","A","499C>A","R167R",3,3,"synonymous",0.033794378551218,0.0807143024629871
"306","VHL","3",10149824,"G","T","501G>T","R167R",3,3,"synonymous",-0.0572656125370826,0.00379053520153459
"307","VHL","3",10149824,"G","C","501G>C","R167R",3,3,"synonymous",-0.154916037514992,0.0312809529731959
"308","VHL","3",10149827,"C","T","504C>T","S168S",3,3,"synonymous",-0.0624488753913723,0.141336074688602
"309","VHL","3",10149828,"C","T","505C>T","L169L",3,3,"synonymous",0.0850937704610856,0.216694269943129
"310","VHL","3",10149830,"A","G","507A>G","L169L",3,3,"synonymous",-0.00739806264442973,-0.0333507448450208
"311","VHL","3",10149830,"A","T","507A>T","L169L",3,3,"synonymous",-0.0112595361599639,-0.0268920512541418
"312","VHL","3",10149830,"A","C","507A>C","L169L",3,3,"synonymous",0.178258624092994,0.0728488163011332
"313","VHL","3",10149833,"C","G","510C>G","V170V",3,3,"synonymous",-0.00271333843495004,-0.00466085352726866
"314","VHL","3",10149833,"C","A","510C>A","V170V",3,3,"synonymous",0.0820896970747093,0.00756447821123711
"315","VHL","3",10149833,"C","T","510C>T","V170V",3,3,"synonymous",0.0818155025442445,0.147657187784258
"316","VHL","3",10149834,"A","T","511A>T","K171*",3,3,"stop_gain",-0.180374141658543,-2.9523901062311
"317","VHL","3",10149836,"G","A","513G>A","K171K",3,3,"synonymous",-0.0756275141037681,-0.000337483877950742
"318","VHL","3",10149839,"T","G","516T>G","P172P",3,3,"synonymous",-0.031347180485353,-0.118190433272148
"319","VHL","3",10149839,"T","A","516T>A","P172P",3,3,"synonymous",0.012703886194489,-0.0215153089616171
"320","VHL","3",10149839,"T","C","516T>C","P172P",3,3,"synonymous",-0.0172088321526596,-0.00707205112227886
"321","VHL","3",10149840,"G","T","517G>T","E173*",3,3,"stop_gain",-0.00564529826207522,-2.71210266391215
"322","VHL","3",10149842,"G","A","519G>A","E173E",3,3,"synonymous",0.0573613243409569,0.0758716246001181
"323","VHL","3",10149845,"T","C","522T>C","N174N",3,3,"synonymous",0.0615871417387485,0.0264092527627365
"324","VHL","3",10149848,"C","G","525C>G","Y175*",3,3,"stop_gain",-0.074556703469346,-2.94654441863531
"325","VHL","3",10149848,"C","A","525C>A","Y175*",3,3,"stop_gain",-0.29245809963562,-2.88572459232146
"326","VHL","3",10149848,"C","T","525C>T","Y175Y",3,3,"synonymous",-0.143948779166125,-0.045084128578795
"327","VHL","3",10149849,"A","C","526A>C","R176R",3,3,"synonymous",0.0606316427361821,-0.0120307892682643
"328","VHL","3",10149851,"G","A","528G>A","R176R",3,3,"synonymous",-0.0331301806087545,0.0732668184511692
"329","VHL","3",10149852,"A","T","529A>T","R177*",3,3,"stop_gain",-0.42525094476892,-1.9151315765915
"330","VHL","3",10149852,"A","C","529A>C","R177R",3,3,"synonymous",-0.13474672859167,0.0894510299482733
"331","VHL","3",10149854,"A","G","531A>G","R177R",3,3,"synonymous",0.0209488459022848,-0.0199746138573727
"332","VHL","3",10149855,"C","T","532C>T","L178L",3,3,"synonymous",-0.0239460948102551,-0.00706200092414249
"333","VHL","3",10149857,"G","C","534G>C","L178L",3,3,"synonymous",0.0504080148532182,0.0923348844225882
"334","VHL","3",10149857,"G","T","534G>T","L178L",3,3,"synonymous",0.181819212105703,0.147170086650058
"335","VHL","3",10149857,"G","A","534G>A","L178L",3,3,"synonymous",0.133454727381612,0.186143513900542
"336","VHL","3",10149860,"C","T","537C>T","D179D",3,3,"synonymous",0.0596012740218535,0.0343193965558534
"337","VHL","3",10149863,"C","A","540C>A","I180I",3,3,"synonymous",-0.116575013144218,-0.173734659588805
"338","VHL","3",10149863,"C","T","540C>T","I180I",3,3,"synonymous",-0.116393020699928,0.00433313586922348
"339","VHL","3",10149866,"C","A","543C>A","V181V",3,3,"synonymous",0.162333607861658,-0.0749400072858259
"340","VHL","3",10149866,"C","G","543C>G","V181V",3,3,"synonymous",0.174192386198696,-0.00289121890324157
"341","VHL","3",10149866,"C","T","543C>T","V181V",3,3,"synonymous",0.15518207085092,0.0354461603599873
"342","VHL","3",10149867,"A","C","544A>C","R182R",3,3,"synonymous",0.143063645613171,-0.0136509381813933
"343","VHL","3",10149869,"G","A","546G>A","R182R",3,3,"synonymous",0.209446910186929,-0.270830068428582
"344","VHL","3",10149871,"C","A","548C>A","S183*",3,3,"stop_gain",-0.219373490756883,-2.43607763067871
"345","VHL","3",10149872,"G","A","549G>A","S183S",3,3,"synonymous",-0.324742122485293,0.000358188211460504
"346","VHL","3",10149872,"G","T","549G>T","S183S",3,3,"synonymous",-0.00389292774579748,0.0514296771660919
"347","VHL","3",10149872,"G","C","549G>C","S183S",3,3,"synonymous",0.0471959233635542,0.077893840506176
"348","VHL","3",10149875,"C","A","552C>A","L184L",3,3,"synonymous",-0.0731767110081705,0.00288329414772316
"349","VHL","3",10149875,"C","T","552C>T","L184L",3,3,"synonymous",-0.0956070112794993,0.0796639472373696
"350","VHL","3",10149875,"C","G","552C>G","L184L",3,3,"synonymous",-0.0624089358728608,0.169311589028724
"351","VHL","3",10149878,"C","A","555C>A","Y185*",3,3,"stop_gain",-0.121077155608808,-2.76930383390325
"352","VHL","3",10149878,"C","G","555C>G","Y185*",3,3,"stop_gain",-0.0646257234378834,-2.5097314561161
"353","VHL","3",10149878,"C","T","555C>T","Y185Y",3,3,"synonymous",-0.15541917951212,0.0133891276105309
"354","VHL","3",10149879,"G","T","556G>T","E186*",3,3,"stop_gain",-0.121115798033041,-2.24866201168553
"355","VHL","3",10149881,"A","G","558A>G","E186E",3,3,"synonymous",0.115480645057119,0.160585328875112
"356","VHL","3",10149884,"T","C","561T>C","D187D",3,3,"synonymous",0.0578047175989805,0.0346570903228192
"357","VHL","3",10149885,"C","T","562C>T","L188L",3,3,"synonymous",-0.0986557387512618,0.124520170375731
"358","VHL","3",10149887,"G","T","564G>T","L188L",3,3,"synonymous",0.0154378993987589,-0.0125075705106652
"359","VHL","3",10149887,"G","C","564G>C","L188L",3,3,"synonymous",0.0724642020319995,-0.297585498123943
"360","VHL","3",10149887,"G","A","564G>A","L188L",3,3,"synonymous",0.0823249654794497,-0.0498671658212324
"361","VHL","3",10149888,"G","T","565G>T","E189*",3,3,"stop_gain",-0.0256320264095358,-2.42751500005687
"362","VHL","3",10149890,"A","G","567A>G","E189E",3,3,"synonymous",0.0500328448740813,0.0656320611218704
"363","VHL","3",10149893,"C","T","570C>T","D190D",3,3,"synonymous",0.290243404584419,-0.176908041880672
"364","VHL","3",10149896,"C","T","573C>T","H191H",3,3,"synonymous",0.131872738472163,0.0631678646523342
"365","VHL","3",10149899,"A","C","576A>C","P192P",3,3,"synonymous",0.417115968157705,-0.234328247544033
"366","VHL","3",10149899,"A","T","576A>T","P192P",3,3,"synonymous",-0.209363789767227,-0.151456320612331
"367","VHL","3",10149899,"A","G","576A>G","P192P",3,3,"synonymous",-0.324492594152138,-0.012551982626925
"368","VHL","3",10149902,"T","C","579T>C","N193N",3,3,"synonymous",-0.149977960578187,-0.0307479729938212
"369","VHL","3",10149905,"G","T","582G>T","V194V",3,3,"synonymous",-0.155525889701509,-0.1106466125988
"370","VHL","3",10149905,"G","C","582G>C","V194V",3,3,"synonymous",-0.00897370266032296,-0.0801702981606273
"371","VHL","3",10149905,"G","A","582G>A","V194V",3,3,"synonymous",-0.122568837823474,-0.0648170362352166
"372","VHL","3",10149906,"C","T","583C>T","Q195*",3,3,"stop_gain",-0.347233673904702,-1.2421728720081
"373","VHL","3",10149908,"G","A","585G>A","Q195Q",3,3,"synonymous",0.196901845909586,-0.039428893341199
"374","VHL","3",10149909,"A","T","586A>T","K196*",3,3,"stop_gain",0.523687993103315,-1.63157016462641
"375","VHL","3",10149911,"A","G","588A>G","K196K",3,3,"synonymous",0.159119565363299,0.246976216164019
"376","VHL","3",10149915,"C","T","592C>T","L198L",3,3,"synonymous",-0.145719788536152,0.00163005842349635
"377","VHL","3",10149917,"G","C","594G>C","L198L",3,3,"synonymous",0.298768957901574,0.00789310561567489
"378","VHL","3",10149917,"G","A","594G>A","L198L",3,3,"synonymous",0.146279705962782,0.042748033541714
"379","VHL","3",10149917,"G","T","594G>T","L198L",3,3,"synonymous",0.534871398109307,0.0494894054245839
"380","VHL","3",10149918,"G","T","595G>T","E199*",3,3,"stop_gain",0.02998724029778,-1.13923567845089
"381","VHL","3",10149920,"G","A","597G>A","E199E",3,3,"synonymous",0.0937014815469266,-0.00456154962127466
"382","VHL","3",10149921,"C","A","598C>A","R200R",3,3,"synonymous",0.312217858376873,0.102703449763129
"383","VHL","3",10149923,"G","C","600G>C","R200R",3,3,"synonymous",0.225084838913935,-0.200865943540976
"384","VHL","3",10149923,"G","A","600G>A","R200R",3,3,"synonymous",0.0421422335446992,-0.0569457841780064
"385","VHL","3",10149923,"G","T","600G>T","R200R",3,3,"synonymous",0.252072833905242,0.0148811077964545
"386","VHL","3",10149924,"C","T","601C>T","L201L",3,3,"synonymous",-0.000444678183594261,-0.0584773892856107
"387","VHL","3",10149926,"G","C","603G>C","L201L",3,3,"synonymous",0.234941104845566,-0.140602782562352
"388","VHL","3",10149926,"G","T","603G>T","L201L",3,3,"synonymous",0.186244510332996,-0.0264598165001412
"389","VHL","3",10149926,"G","A","603G>A","L201L",3,3,"synonymous",0.170114046631747,0.302899904784632
"390","VHL","3",10149929,"A","G","606A>G","T202T",3,3,"synonymous",0.324803227998836,-0.133925023369542
"391","VHL","3",10149929,"A","C","606A>C","T202T",3,3,"synonymous",0.179773506825217,-0.107225105113878
"392","VHL","3",10149929,"A","T","606A>T","T202T",3,3,"synonymous",0.204203406561158,0.0445666298710689
"393","VHL","3",10149930,"C","T","607C>T","Q203*",3,3,"stop_gain",0.0351862109057888,-0.284886435015453
"394","VHL","3",10149932,"G","A","609G>A","Q203Q",3,3,"synonymous",-0.308051071967465,-0.0573717667299997
"395","VHL","3",10149933,"G","T","610G>T","E204*",3,3,"stop_gain",-0.111261629507408,-0.0348912704085021
"396","VHL","3",10149935,"G","A","612G>A","E204E",3,3,"synonymous",-0.127668019354918,0.0808169855445221
"397","VHL","3",10149938,"C","A","615C>A","R205R",3,3,"synonymous",-0.284632819252568,-0.0136534192183791
"398","VHL","3",10149938,"C","T","615C>T","R205R",3,3,"synonymous",-0.135796499188608,0.0924313272513515
"399","VHL","3",10149938,"C","G","615C>G","R205R",3,3,"synonymous",-0.231628538462649,0.15466130812082
"400","VHL","3",10149941,"T","C","618T>C","I206I",3,3,"synonymous",-0.0274773122252402,0.116335448338752
"401","VHL","3",10149941,"T","A","618T>A","I206I",3,3,"synonymous",-0.052124761337239,0.191036682713822
"402","VHL","3",10149944,"A","G","621A>G","A207A",3,3,"synonymous",0,-0.0702023101398301
"403","VHL","3",10149944,"A","C","621A>C","A207A",3,3,"synonymous",-0.249597593304517,0.0348344166858456
"404","VHL","3",10149944,"A","T","621A>T","A207A",3,3,"synonymous",-0.1820939357777,0.0523278026296604
"405","VHL","3",10149947,"T","C","624T>C","H208H",3,3,"synonymous",-0.156832157463474,0.182316934910192
"406","VHL","3",10149948,"C","T","625C>T","Q209*",3,3,"stop_gain",-0.136356040350043,0.0288228353896261
"407","VHL","3",10149950,"A","G","627A>G","Q209Q",3,3,"synonymous",-0.100252556804977,0.0938283215606004
"408","VHL","3",10149951,"C","A","628C>A","R210R",3,3,"synonymous",-0.0198953175812726,-0.0288491289453081
"409","VHL","3",10149953,"G","T","630G>T","R210R",3,3,"synonymous",-0.600294412864623,-0.0104227746447078
"410","VHL","3",10149953,"G","C","630G>C","R210R",3,3,"synonymous",-0.244865931890183,0.00552786003748109
"411","VHL","3",10149957,"G","T","634G>T","G212*",3,3,"stop_gain",0.0369301991208159,-0.13428034830593
"412","VHL","3",10149959,"A","T","636A>T","G212G",3,3,"synonymous",0.0688581923676876,-0.0961869078641821
"413","VHL","3",10149959,"A","G","636A>G","G212G",3,3,"synonymous",0.072857931564381,0.0221798040172955
"414","VHL","3",10149959,"A","C","636A>C","G212G",3,3,"synonymous",0.0986506880382449,0.0224671389208273
"415","VHL","3",10149962,"T","C","639T>C","D213D",3,3,"synonymous",0.175159205340958,0.111439451070416
"416","VHL","3",10149964,"G","A","641G>A","*214*",3,3,"synonymous",0.0416347249216033,-0.0127944112846529
"417","VHL","3",10141889,"C","A","42C>A","G14G",1,3,"synonymous",NA,-0.96261577052546
"418","VHL","3",10141961,"C","A","114C>A","S38S",1,3,"synonymous",NA,-0.915898033518355
"419","VHL","3",10141889,"C","G","42C>G","G14G",1,3,"synonymous",NA,-0.892050985449531
"420","VHL","3",10141923,"G","T","76G>T","E26*",1,3,"stop_gain",NA,-0.730121345891449
"421","VHL","3",10141955,"G","A","108G>A","E36E",1,3,"synonymous",NA,-0.584603522324054
"422","VHL","3",10141893,"G","T","46G>T","E16*",1,3,"stop_gain",NA,-0.358901774168069
"423","VHL","3",10141934,"C","T","87C>T","G29G",1,3,"synonymous",NA,-0.089378947111933
"424","VHL","3",10141952,"C","G","105C>G","A35A",1,3,"synonymous",NA,-0.0232382016111672
"425","VHL","3",10141922,"T","C","75T>C","P25P",1,3,"synonymous",NA,0.00886975460969896
"426","VHL","3",10141949,"C","A","102C>A","G34G",1,3,"synonymous",NA,0.222119845330499
"427","VHL","3",10141886,"A","C","39A>C","V13V",1,3,"synonymous",NA,0.313634615791302
"428","VHL","3",10141908,"G","T","61G>T","E21*",1,3,"stop_gain",NA,0.346831115768772
"429","VHL","3",10141916,"C","T","69C>T","Y23Y",1,3,"synonymous",NA,0.427575832565947
"430","VHL","3",10141945,"C","A","98C>A","S33*",1,3,"stop_gain",NA,0.558691517864471
"431","VHL","3",10141895,"G","A","48G>A","E16E",1,3,"synonymous",NA,0.565960111020931
"432","VHL","3",10141953,"G","T","106G>T","E36*",1,3,"stop_gain",NA,0.841224184075137
"433","VHL","3",10141889,"C","T","42C>T","G14G",1,3,"synonymous",NA,0.897772059209049
"434","VHL","3",10141961,"C","T","114C>T","S38S",1,3,"synonymous",NA,1.11207119527684
"435","VHL","3",10141956,"G","T","109G>T","E37*",1,3,"stop_gain",NA,1.19739539394377
