codon,NMDetectiveA,NMDetectiveB
1,0.26,0.12
2,0.26666666666666666,0.12
3,0.26,0.12
4,0.26,0.12
5,0.27,0.12
6,0.28,0.12
7,0.28,0.12
8,0.29,0.12
9,0.29,0.12
10,0.29,0.12
11,0.29,0.12
12,0.29,0.12
13,0.29,0.12
14,0.29,0.12
15,0.29,0.12
16,0.29,0.12
17,0.29,0.12
18,0.29,0.12
19,0.29,0.12
20,0.29,0.12
21,0.3,0.12
22,0.3,0.12
23,0.29666666666666663,0.12
24,0.29,0.12
25,0.29,0.12
26,0.29,0.12
27,0.29,0.12
28,0.29,0.12
29,0.29,0.12
30,0.29666666666666663,0.12
31,0.3,0.12
32,0.3,0.12
33,0.3,0.12
34,0.3,0.12
35,0.30666666666666664,0.12
36,0.31,0.12
37,0.31,0.12
38,0.3,0.12
39,0.30666666666666664,0.12
40,0.30666666666666664,0.12
41,0.3033333333333333,0.12
42,0.33,0.12
43,0.34,0.12
44,0.34,0.12
45,0.3433333333333333,0.12
46,0.3499999999999999,0.12
47,0.34,0.12
48,0.3499999999999999,0.12
49,0.36000000000000004,0.12
50,0.38000000000000006,0.21666666666666665
51,0.43333333333333335,0.41
52,0.45333333333333337,0.41
53,0.48333333333333334,0.41
54,0.49,0.41
55,0.49,0.41
56,0.49,0.41
57,0.49,0.41
58,0.49,0.41
59,0.5,0.41
60,0.5166666666666667,0.41
61,0.5433333333333333,0.41
62,0.55,0.41
63,0.55,0.41
64,0.55,0.41
65,0.55,0.41
66,0.55,0.41
67,0.55,0.41
68,0.54,0.41
69,0.54,0.41
70,0.55,0.41
71,0.5566666666666668,0.41
72,0.56,0.41
73,0.56,0.41
74,0.56,0.41
75,0.56,0.41
76,0.56,0.41
77,0.56,0.41
78,0.57,0.41
79,0.57,0.41
80,0.5766666666666667,0.41
81,0.56,0.41
82,0.56,0.41
83,0.56,0.41
84,0.5633333333333334,0.41
85,0.57,0.41
86,0.57,0.41
87,0.5733333333333333,0.41
88,0.5866666666666666,0.41
89,0.59,0.41
90,0.59,0.41
91,0.59,0.41
92,0.6,0.41
93,0.6,0.41
94,0.6,0.41
95,0.6,0.41
96,0.6,0.41
97,0.61,0.41
98,0.61,0.41
99,0.6,0.41
100,0.6,0.41
101,0.6,0.41
102,0.62,0.41
103,0.54,0.41
104,0.54,0.41
105,0.54,0.41
106,0.54,0.41
107,0.54,0.41
108,0.5433333333333333,0.41
109,0.54,0.41
110,0.54,0.41
111,0.54,0.41
112,0.54,0.41
113,0.54,0.41
114,0.54,0.41
115,0.5433333333333333,0.41
116,0.55,0.41
117,0.55,0.41
118,0.56,0.41
119,0.6000000000000001,0.49
120,0.6833333333333335,0.65
121,0.68,0.65
122,0.68,0.65
123,0.6833333333333335,0.65
124,0.6833333333333335,0.65
125,0.68,0.65
126,0.68,0.65
127,0.68,0.65
128,0.68,0.65
129,0.68,0.65
130,0.68,0.65
131,0.68,0.65
132,0.68,0.65
133,0.68,0.65
134,0.68,0.65
135,0.67,0.65
136,0.67,0.65
137,0.67,0.65
138,0.6666666666666666,0.65
139,0.66,0.65
140,0.66,0.65
141,0.66,0.65
142,0.66,0.65
143,0.65,0.65
144,0.65,0.65
145,0.66,0.65
146,0.66,0.65
147,0.6633333333333334,0.65
148,0.6633333333333334,0.65
149,0.6633333333333334,0.65
150,0.66,0.65
151,0.66,0.65
152,0.6566666666666667,0.65
153,0.6566666666666667,0.65
154,0.6666666666666666,0.65
155,0.6466666666666666,0.65
156,0.6266666666666666,0.65
157,0.6333333333333333,0.65
158,0.6566666666666667,0.65
159,0.66,0.65
160,0.6666666666666666,0.65
161,0.67,0.65
162,0.67,0.65
163,0.66,0.65
164,0.6633333333333334,0.65
165,0.67,0.65
166,0.67,0.65
167,0.6666666666666666,0.65
168,0.67,0.65
169,0.67,0.65
170,0.66,0.65
171,0.66,0.65
172,0.66,0.65
173,0.66,0.65
174,0.66,0.65
175,0.66,0.65
176,0.66,0.65
177,0.66,0.65
178,0.66,0.65
179,0.66,0.65
180,0.6566666666666667,0.65
181,0.65,0.65
182,0.65,0.65
183,0.65,0.65
184,0.65,0.65
185,0.65,0.65
186,0.65,0.65
187,0.65,0.65
188,0.65,0.65
189,0.6533333333333333,0.65
190,0.6533333333333333,0.65
191,0.6533333333333333,0.65
192,0.65,0.65
193,0.65,0.65
194,0.6466666666666666,0.65
195,0.6433333333333334,0.65
196,0.6533333333333333,0.65
197,0.65,0.65
198,0.63,0.65
199,0.63,0.65
200,0.63,0.65
201,0.63,0.65
202,0.63,0.65
203,0.63,0.65
204,0.63,0.65
205,0.6366666666666667,0.65
206,0.63,0.65
207,0.6233333333333334,0.65
208,0.62,0.65
209,0.61,0.65
210,0.61,0.65
211,0.6166666666666667,0.65
212,0.62,0.65
213,0.6233333333333334,0.65
214,0.6266666666666666,0.65
215,0.6466666666666666,0.65
216,0.65,0.65
217,0.66,0.65
218,0.66,0.65
219,0.66,0.65
220,0.65,0.65
221,0.6533333333333333,0.65
222,0.66,0.65
223,0.66,0.65
224,0.66,0.65
225,0.66,0.65
226,0.66,0.65
227,0.65,0.65
228,0.65,0.65
229,0.65,0.65
230,0.6533333333333333,0.65
231,0.65,0.65
232,0.65,0.65
233,0.65,0.65
234,0.6533333333333333,0.65
235,0.65,0.65
236,0.65,0.65
237,0.65,0.65
238,0.65,0.65
239,0.65,0.65
240,0.65,0.65
241,0.65,0.65
242,0.65,0.65
243,0.65,0.65
244,0.65,0.65
245,0.65,0.65
246,0.65,0.65
247,0.65,0.65
248,0.65,0.65
249,0.65,0.65
250,0.65,0.65
251,0.6466666666666666,0.65
252,0.64,0.65
253,0.6533333333333333,0.65
254,0.6266666666666666,0.65
255,0.6166666666666667,0.65
256,0.6233333333333334,0.65
257,0.6466666666666666,0.65
258,0.65,0.65
259,0.6566666666666667,0.65
260,0.66,0.65
261,0.66,0.65
262,0.65,0.65
263,0.65,0.65
264,0.66,0.65
265,0.66,0.65
266,0.66,0.65
267,0.66,0.65
268,0.66,0.65
269,0.65,0.65
270,0.65,0.65
271,0.65,0.65
272,0.65,0.65
273,0.65,0.65
274,0.65,0.65
275,0.65,0.65
276,0.6533333333333333,0.65
277,0.65,0.65
278,0.65,0.65
279,0.65,0.65
280,0.65,0.65
281,0.65,0.65
282,0.65,0.65
283,0.65,0.65
284,0.65,0.65
285,0.65,0.65
286,0.65,0.65
287,0.65,0.65
288,0.6533333333333333,0.65
289,0.66,0.65
290,0.6566666666666667,0.65
291,0.65,0.65
292,0.65,0.65
293,0.6466666666666666,0.65
294,0.64,0.65
295,0.65,0.65
296,0.6333333333333333,0.65
297,0.63,0.65
298,0.6366666666666667,0.65
299,0.63,0.65
300,0.63,0.65
301,0.62,0.65
302,0.62,0.65
303,0.62,0.65
304,0.62,0.65
305,0.62,0.65
306,0.62,0.65
307,0.62,0.65
308,0.6233333333333334,0.65
309,0.6333333333333333,0.65
310,0.63,0.65
311,0.6333333333333333,0.65
312,0.6433333333333334,0.65
313,0.64,0.65
314,0.63,0.65
315,0.63,0.65
316,0.63,0.65
317,0.63,0.65
318,0.63,0.65
319,0.63,0.65
320,0.63,0.65
321,0.63,0.65
322,0.6233333333333334,0.65
323,0.62,0.65
324,0.6166666666666667,0.65
325,0.61,0.65
326,0.61,0.65
327,0.6166666666666667,0.65
328,0.62,0.65
329,0.62,0.65
330,0.6333333333333333,0.65
331,0.65,0.65
332,0.6533333333333333,0.65
333,0.66,0.65
334,0.6633333333333334,0.65
335,0.6533333333333333,0.65
336,0.65,0.65
337,0.6533333333333333,0.65
338,0.66,0.65
339,0.66,0.65
340,0.66,0.65
341,0.66,0.65
342,0.6566666666666667,0.65
343,0.65,0.65
344,0.65,0.65
345,0.6533333333333333,0.65
346,0.66,0.65
347,0.66,0.65
348,0.66,0.65
349,0.66,0.65
350,0.66,0.65
351,0.66,0.65
352,0.66,0.65
353,0.66,0.65
354,0.66,0.65
355,0.66,0.65
356,0.66,0.65
357,0.6533333333333333,0.65
358,0.65,0.65
359,0.65,0.65
360,0.65,0.65
361,0.65,0.65
362,0.6566666666666667,0.65
363,0.6533333333333333,0.65
364,0.65,0.65
365,0.65,0.65
366,0.65,0.65
367,0.65,0.65
368,0.65,0.65
369,0.6666666666666666,0.65
370,0.62,0.65
371,0.6266666666666666,0.65
372,0.63,0.65
373,0.6266666666666666,0.65
374,0.62,0.65
375,0.6133333333333333,0.65
376,0.61,0.65
377,0.61,0.65
378,0.6033333333333334,0.65
379,0.6066666666666666,0.65
380,0.61,0.65
381,0.61,0.65
382,0.61,0.65
383,0.6133333333333333,0.65
384,0.61,0.65
385,0.61,0.65
386,0.61,0.65
387,0.6233333333333334,0.65
388,0.62,0.65
389,0.62,0.65
390,0.62,0.65
391,0.62,0.65
392,0.62,0.65
393,0.62,0.65
394,0.62,0.65
395,0.6233333333333334,0.65
396,0.62,0.65
397,0.6133333333333333,0.65
398,0.61,0.65
399,0.61,0.65
400,0.61,0.65
401,0.6133333333333333,0.65
402,0.62,0.65
403,0.62,0.65
404,0.63,0.65
405,0.6466666666666666,0.65
406,0.65,0.65
407,0.66,0.65
408,0.66,0.65
409,0.6633333333333334,0.65
410,0.66,0.65
411,0.66,0.65
412,0.66,0.65
413,0.6633333333333334,0.65
414,0.6666666666666666,0.65
415,0.67,0.65
416,0.67,0.65
417,0.66,0.65
418,0.66,0.65
419,0.66,0.65
420,0.66,0.65
421,0.66,0.65
422,0.66,0.65
423,0.66,0.65
424,0.66,0.65
425,0.66,0.65
426,0.66,0.65
427,0.66,0.65
428,0.66,0.65
429,0.66,0.65
430,0.6566666666666667,0.65
431,0.6533333333333333,0.65
432,0.65,0.65
433,0.65,0.65
434,0.65,0.65
435,0.65,0.65
436,0.6533333333333333,0.65
437,0.66,0.65
438,0.6533333333333333,0.65
439,0.65,0.65
440,0.65,0.65
441,0.65,0.65
442,0.65,0.65
443,0.6566666666666667,0.65
444,0.66,0.65
445,0.6633333333333334,0.65
446,0.65,0.65
447,0.6533333333333333,0.65
448,0.66,0.65
449,0.66,0.65
450,0.66,0.65
451,0.66,0.65
452,0.66,0.65
453,0.66,0.65
454,0.66,0.65
455,0.66,0.65
456,0.66,0.65
457,0.66,0.65
458,0.66,0.65
459,0.66,0.65
460,0.66,0.65
461,0.66,0.65
462,0.66,0.65
463,0.66,0.65
464,0.66,0.65
465,0.66,0.65
466,0.66,0.65
467,0.66,0.65
468,0.66,0.65
469,0.66,0.65
470,0.66,0.65
471,0.66,0.65
472,0.6633333333333334,0.65
473,0.67,0.65
474,0.6633333333333334,0.65
475,0.66,0.65
476,0.66,0.65
477,0.6566666666666667,0.65
478,0.65,0.65
479,0.65,0.65
480,0.6333333333333333,0.65
481,0.6466666666666666,0.65
482,0.65,0.65
483,0.6566666666666667,0.65
484,0.6533333333333333,0.65
485,0.6533333333333333,0.65
486,0.65,0.65
487,0.65,0.65
488,0.65,0.65
489,0.65,0.65
490,0.6433333333333334,0.65
491,0.65,0.65
492,0.65,0.65
493,0.64,0.65
494,0.64,0.65
495,0.64,0.65
496,0.65,0.65
497,0.65,0.65
498,0.65,0.65
499,0.65,0.65
500,0.65,0.65
501,0.65,0.65
502,0.65,0.65
503,0.65,0.65
504,0.65,0.65
505,0.65,0.65
506,0.65,0.65
507,0.65,0.65
508,0.64,0.65
509,0.64,0.65
510,0.64,0.65
511,0.64,0.65
512,0.6433333333333334,0.65
513,0.65,0.65
514,0.6433333333333334,0.65
515,0.64,0.65
516,0.64,0.65
517,0.63,0.65
518,0.6266666666666666,0.65
519,0.6233333333333334,0.65
520,0.6333333333333333,0.65
521,0.64,0.65
522,0.64,0.65
523,0.64,0.65
524,0.64,0.65
525,0.64,0.65
526,0.64,0.65
527,0.64,0.65
528,0.64,0.65
529,0.64,0.65
530,0.64,0.65
531,0.64,0.65
532,0.64,0.65
533,0.64,0.65
534,0.64,0.65
535,0.64,0.65
536,0.64,0.65
537,0.63,0.65
538,0.63,0.65
539,0.63,0.65
540,0.63,0.65
541,0.63,0.65
542,0.6333333333333333,0.65
543,0.64,0.65
544,0.6333333333333333,0.65
545,0.63,0.65
546,0.6233333333333334,0.65
547,0.62,0.65
548,0.61,0.65
549,0.6133333333333333,0.65
550,0.5700000000000001,0.65
551,0.55,0.65
552,0.55,0.65
553,0.55,0.65
554,0.55,0.65
555,0.55,0.65
556,0.55,0.65
557,0.5433333333333333,0.65
558,0.5566666666666668,0.65
559,0.5666666666666665,0.65
560,0.57,0.65
561,0.57,0.65
562,0.57,0.65
563,0.57,0.65
564,0.5733333333333333,0.65
565,0.58,0.65
566,0.57,0.65
567,0.5833333333333334,0.65
568,0.59,0.65
569,0.5833333333333334,0.65
570,0.58,0.65
571,0.57,0.65
572,0.5633333333333334,0.65
573,0.56,0.65
574,0.56,0.65
575,0.5533333333333333,0.65
576,0.56,0.65
577,0.56,0.65
578,0.5566666666666668,0.65
579,0.5633333333333334,0.65
580,0.56,0.65
581,0.56,0.65
582,0.57,0.65
583,0.58,0.65
584,0.57,0.65
585,0.57,0.65
586,0.5666666666666667,0.65
587,0.5666666666666665,0.65
588,0.57,0.65
589,0.56,0.65
590,0.57,0.65
591,0.57,0.65
592,0.57,0.65
593,0.5633333333333334,0.65
594,0.57,0.65
595,0.57,0.65
596,0.5666666666666667,0.65
597,0.56,0.65
598,0.56,0.65
599,0.5599999999999999,0.65
600,0.5533333333333333,0.65
601,0.56,0.65
602,0.56,0.65
603,0.56,0.65
604,0.56,0.65
605,0.5533333333333333,0.65
606,0.55,0.65
607,0.55,0.65
608,0.55,0.65
609,0.55,0.65
610,0.55,0.65
611,0.53,0.65
612,0.53,0.65
613,0.53,0.65
614,0.52,0.65
615,0.52,0.65
616,0.5266666666666667,0.65
617,0.53,0.65
618,0.5433333333333333,0.65
619,0.53,0.65
620,0.48666666666666664,0.65
621,0.47,0.65
622,0.44,0.65
623,0.45,0.65
624,0.44,0.65
625,0.4466666666666667,0.65
626,0.45,0.65
627,0.4466666666666667,0.65
628,0.4166666666666667,0.65
629,0.38000000000000006,0.65
630,0.38000000000000006,0.65
631,0.37666666666666665,0.65
632,0.37666666666666665,0.65
633,0.36999999999999994,0.65
634,0.36999999999999994,0.65
635,0.38000000000000006,0.65
636,0.3866666666666667,0.65
637,0.38999999999999996,0.65
638,0.38000000000000006,0.65
639,0.38000000000000006,0.65
640,0.22,0.35000000000000003
641,0.14,0.20000000000000004
642,0.14,0.20000000000000004
643,0.14,0.20000000000000004
644,0.14,0.20000000000000004
645,0.14,0.20000000000000004
646,0.14,0.20000000000000004
647,0.14,0.20000000000000004
648,0.14,0.20000000000000004
649,0.14,0.20000000000000004
650,0.14333333333333334,0.20000000000000004
651,0.14333333333333334,0.20000000000000004
652,0.14,0.20000000000000004
653,0.14,0.20000000000000004
654,0.14,0.20000000000000004
655,0.14,0.20000000000000004
656,0.1466666666666667,0.20000000000000004
657,0.22999999999999998,0.0
658,0.21333333333333335,0.0
659,0.21666666666666667,0.0
660,0.22666666666666668,0.0
661,0.21666666666666667,0.0
662,0.20333333333333334,0.0
663,0.21666666666666667,0.0
664,0.23,0.0
