codon,NMDetectiveA
1,0.31
2,0.3033333333333333
3,0.3
4,0.2933333333333333
5,0.30666666666666664
6,0.31666666666666665
7,0.32666666666666666
8,0.3333333333333333
9,0.33
10,0.3233333333333333
11,0.32666666666666666
12,0.33
13,0.34
14,0.3499999999999999
15,0.35666666666666663
16,0.3666666666666667
17,0.36999999999999994
18,0.36999999999999994
19,0.37333333333333335
20,0.38000000000000006
21,0.38000000000000006
22,0.38000000000000006
23,0.38000000000000006
24,0.37333333333333335
25,0.36999999999999994
26,0.3666666666666667
27,0.36999999999999994
28,0.37666666666666665
29,0.3833333333333333
30,0.38999999999999996
31,0.38999999999999996
32,0.38999999999999996
33,0.38999999999999996
34,0.38999999999999996
35,0.38999999999999996
36,0.38999999999999996
37,0.38999999999999996
38,0.38999999999999996
39,0.38999999999999996
40,0.38999999999999996
41,0.38999999999999996
42,0.39333333333333337
43,0.38999999999999996
44,0.39333333333333337
45,0.3866666666666667
46,0.38000000000000006
47,0.3833333333333333
48,0.3866666666666667
49,0.39666666666666667
50,0.42333333333333334
51,0.4566666666666667
52,0.47333333333333333
53,0.49666666666666665
54,0.49
55,0.5
56,0.51
57,0.51
58,0.5133333333333333
59,0.5333333333333333
60,0.5733333333333334
61,0.6066666666666666
62,0.6166666666666667
63,0.61
64,0.61
65,0.61
66,0.61
67,0.61
68,0.6033333333333334
69,0.6
70,0.6033333333333334
71,0.6166666666666667
72,0.62
73,0.62
74,0.62
75,0.62
76,0.62
77,0.6433333333333334
78,0.6433333333333334
79,0.64
80,0.6133333333333333
81,0.6
82,0.5966666666666667
83,0.6
84,0.6133333333333333
85,0.59
86,0.59
87,0.59
88,0.59
89,0.5933333333333333
90,0.6
91,0.5933333333333333
92,0.6066666666666666
93,0.6066666666666666
94,0.6066666666666666
95,0.6066666666666666
96,0.6033333333333334
97,0.6066666666666666
98,0.61
99,0.6133333333333333
100,0.61
101,0.61
102,0.6066666666666666
103,0.6066666666666666
104,0.6
105,0.6
106,0.6
107,0.6
108,0.6
109,0.6
110,0.5966666666666667
111,0.59
112,0.59
113,0.59
114,0.59
115,0.59
116,0.59
117,0.5833333333333334
118,0.58
119,0.58
120,0.58
121,0.5866666666666666
122,0.59
123,0.59
124,0.59
125,0.59
126,0.59
127,0.59
128,0.59
129,0.5933333333333333
130,0.6033333333333334
131,0.62
132,0.59
133,0.59
134,0.5933333333333333
135,0.59
136,0.5866666666666666
137,0.59
138,0.59
139,0.59
140,0.59
141,0.59
142,0.59
143,0.59
144,0.59
145,0.59
146,0.59
147,0.59
148,0.6
149,0.6
150,0.6
151,0.6
152,0.5966666666666667
153,0.59
154,0.59
155,0.59
156,0.59
157,0.59
158,0.59
159,0.5966666666666667
160,0.6
161,0.5933333333333333
162,0.59
163,0.59
164,0.59
165,0.5966666666666667
166,0.6
167,0.5933333333333333
168,0.59
169,0.59
170,0.59
171,0.59
172,0.59
173,0.59
174,0.5933333333333333
175,0.6
176,0.5933333333333333
177,0.59
178,0.59
179,0.59
180,0.5933333333333333
181,0.5966666666666667
182,0.5866666666666667
183,0.5766666666666667
184,0.59
185,0.59
186,0.59
187,0.59
188,0.59
189,0.59
190,0.59
191,0.5866666666666666
192,0.58
193,0.58
194,0.58
195,0.58
196,0.58
197,0.58
198,0.5866666666666666
199,0.6
200,0.6
201,0.6
202,0.6
203,0.6
204,0.6
205,0.5966666666666667
206,0.6033333333333334
207,0.6
208,0.47
209,0.47
210,0.47
211,0.47
212,0.47
213,0.47
214,0.47
215,0.47
216,0.47
217,0.47
218,0.47
219,0.47
220,0.47
221,0.47
222,0.47
223,0.47
224,0.43
225,0.41
226,0.41
227,0.41
228,0.41
229,0.41
230,0.41
231,0.41
232,0.41
233,0.41
234,0.41
235,0.41
236,0.41
237,0.41
238,0.41
239,0.41
240,0.41
241,0.41
242,0.41
243,0.41
244,0.41
245,0.41
246,0.41
247,0.41
248,0.41
249,0.41
250,0.41
251,0.41
252,0.41
253,0.41
254,0.41
255,0.41
256,0.41
257,0.41
258,0.41
259,0.41
260,0.41
261,0.41
262,0.41
263,0.41
264,0.41
265,0.41
266,0.41
267,0.41
268,0.41
269,0.41
270,0.41
271,0.41
272,0.41
273,0.41
274,0.41
275,0.41
276,0.41
277,0.41
278,0.41
279,0.41
280,0.41
281,0.41
282,0.41
283,0.41
284,0.41
285,0.41
286,0.41
287,0.41
288,0.41
289,0.41
290,0.41
291,0.41
292,0.41
293,0.41
294,0.41
295,0.41
296,0.41
297,0.41
298,0.41
299,0.41
300,0.41
301,0.41
302,0.41
303,0.41
304,0.41
305,0.41
306,0.41
307,0.41
308,0.41
309,0.41
310,0.41
311,0.41
312,0.41
313,0.4066666666666667
314,0.4066666666666667
315,0.4000000000000001
316,0.4000000000000001
317,0.4000000000000001
318,0.4033333333333333
319,0.41
320,0.41
321,0.41
322,0.41
323,0.41
324,0.41
325,0.41
326,0.41
327,0.41
328,0.41
329,0.41
330,0.41
331,0.41
332,0.41
333,0.41
334,0.41
335,0.41
336,0.41
337,0.41
338,0.41
339,0.41
340,0.41
341,0.41
342,0.41
343,0.41
344,0.41
345,0.41
346,0.41
347,0.41
348,0.41
349,0.41
350,0.41
351,0.41
352,0.41
353,0.41
354,0.41
355,0.41
356,0.41
357,0.41
358,0.41
359,0.41
360,0.41
361,0.41
362,0.41
363,0.41
364,0.41
365,0.41
366,0.41
367,0.41
368,0.41
369,0.41
370,0.41
371,0.41
372,0.41
373,0.41
374,0.41
375,0.41
376,0.41
377,0.41
378,0.41
379,0.41
380,0.41
381,0.41
382,0.41
383,0.41
384,0.41
385,0.41
386,0.4166666666666667
387,0.42
388,0.42
389,0.42
390,0.42
391,0.42
392,0.42
393,0.42
394,0.42
395,0.42
396,0.42
397,0.42
398,0.42
399,0.42
400,0.42
401,0.42
402,0.42
403,0.42
404,0.4266666666666667
405,0.43
406,0.43
407,0.43
408,0.43
409,0.43
410,0.43
411,0.43
412,0.43
413,0.43
414,0.43
415,0.43
416,0.43
417,0.43
418,0.43
419,0.43
420,0.43
421,0.43
422,0.43
423,0.43
424,0.43
425,0.43
426,0.43
427,0.43
428,0.43
429,0.43
430,0.43
431,0.43
432,0.43333333333333335
433,0.44
434,0.44
435,0.44
436,0.44
437,0.44
438,0.44
439,0.44
440,0.44
441,0.44
442,0.44
443,0.44
444,0.44
445,0.44
446,0.4466666666666667
447,0.45
448,0.45
449,0.45
450,0.45
451,0.45
452,0.45
453,0.45
454,0.45
455,0.45
456,0.44333333333333336
457,0.44
458,0.44
459,0.44
460,0.4466666666666667
461,0.45
462,0.45
463,0.45
464,0.45
465,0.45
466,0.45
467,0.45
468,0.45
469,0.45
470,0.45
471,0.44333333333333336
472,0.44
473,0.44
474,0.44
475,0.44
476,0.44
477,0.44
478,0.44
479,0.44
480,0.44
481,0.44
482,0.44
483,0.44
484,0.44
485,0.44
486,0.44
487,0.44
488,0.44
489,0.44
490,0.44
491,0.44
492,0.44
493,0.44
494,0.44
495,0.44
496,0.44
497,0.44
498,0.44
499,0.44
500,0.44
501,0.44
502,0.44
503,0.44
504,0.44
505,0.44
506,0.44
507,0.44
508,0.44
509,0.44
510,0.44
511,0.44
512,0.44
513,0.44
514,0.44
515,0.44
516,0.44
517,0.44
518,0.44333333333333336
519,0.45
520,0.45
521,0.45
522,0.45
523,0.45
524,0.45
525,0.45
526,0.45
527,0.45
528,0.45
529,0.45
530,0.45
531,0.45
532,0.45
533,0.45
534,0.45
535,0.45
536,0.45
537,0.45
538,0.45
539,0.45
540,0.45
541,0.45
542,0.45
543,0.45
544,0.45
545,0.45
546,0.45
547,0.45
548,0.45
549,0.45
550,0.45
551,0.45
552,0.45
553,0.45
554,0.45
555,0.45
556,0.45
557,0.45
558,0.45
559,0.46
560,0.46
561,0.46
562,0.46
563,0.46
564,0.4633333333333334
565,0.47
566,0.47
567,0.47
568,0.47
569,0.47
570,0.47
571,0.47
572,0.47
573,0.47
574,0.47
575,0.47
576,0.47
577,0.47
578,0.47
579,0.47
580,0.47
581,0.47
582,0.47
583,0.47
584,0.47
585,0.4766666666666666
586,0.48
587,0.48
588,0.48
589,0.48
590,0.48
591,0.48
592,0.48
593,0.48
594,0.48
595,0.48
596,0.48
597,0.48
598,0.48
599,0.48
600,0.48
601,0.48
602,0.48
603,0.48
604,0.48
605,0.48
606,0.48
607,0.48
608,0.48333333333333334
609,0.49
610,0.49
611,0.49
612,0.49
613,0.49
614,0.49
615,0.49
616,0.49
617,0.49
618,0.49
619,0.49
620,0.49
621,0.49
622,0.49
623,0.49
624,0.49666666666666665
625,0.5
626,0.5
627,0.5
628,0.5
629,0.5
630,0.5
631,0.5
632,0.5
633,0.5
634,0.5
635,0.5
636,0.5
637,0.5
638,0.5
639,0.5
640,0.5066666666666667
641,0.51
642,0.51
643,0.51
644,0.51
645,0.51
646,0.51
647,0.51
648,0.51
649,0.51
650,0.51
651,0.51
652,0.51
653,0.51
654,0.51
655,0.51
656,0.51
657,0.51
658,0.51
659,0.51
660,0.51
661,0.51
662,0.51
663,0.51
664,0.51
665,0.51
666,0.51
667,0.51
668,0.51
669,0.5166666666666667
670,0.52
671,0.52
672,0.52
673,0.52
674,0.52
675,0.5266666666666667
676,0.53
677,0.53
678,0.53
679,0.5333333333333333
680,0.54
681,0.54
682,0.54
683,0.54
684,0.54
685,0.54
686,0.54
687,0.54
688,0.5333333333333333
689,0.53
690,0.53
691,0.53
692,0.53
693,0.53
694,0.53
695,0.53
696,0.5233333333333333
697,0.52
698,0.52
699,0.52
700,0.52
701,0.52
702,0.52
703,0.52
704,0.52
705,0.5133333333333333
706,0.51
707,0.51
708,0.51
709,0.51
710,0.51
711,0.51
712,0.51
713,0.51
714,0.51
715,0.51
716,0.51
717,0.51
718,0.51
719,0.51
720,0.51
721,0.51
722,0.51
723,0.51
724,0.51
725,0.51
726,0.51
727,0.51
728,0.51
729,0.51
730,0.51
731,0.51
732,0.5033333333333333
733,0.5
734,0.5
735,0.5
736,0.5
737,0.5
738,0.5
739,0.5
740,0.5
741,0.5
742,0.5
743,0.5
744,0.5066666666666667
745,0.51
746,0.51
747,0.51
748,0.51
749,0.51
750,0.51
751,0.51
752,0.51
753,0.51
754,0.51
755,0.51
756,0.51
757,0.51
758,0.51
759,0.5133333333333333
760,0.5166666666666667
761,0.51
762,0.51
763,0.5166666666666667
764,0.52
765,0.5133333333333333
766,0.51
767,0.51
768,0.51
769,0.51
770,0.51
771,0.51
772,0.51
773,0.51
774,0.51
775,0.51
776,0.51
777,0.51
778,0.51
779,0.51
780,0.5066666666666667
781,0.5066666666666667
782,0.51
783,0.51
784,0.51
785,0.51
786,0.51
787,0.51
788,0.51
789,0.51
790,0.51
791,0.51
792,0.51
793,0.51
794,0.51
795,0.51
796,0.51
797,0.5166666666666667
798,0.52
799,0.52
800,0.52
801,0.52
802,0.52
803,0.52
804,0.52
805,0.52
806,0.52
807,0.52
808,0.52
809,0.52
810,0.52
811,0.52
812,0.52
813,0.52
814,0.52
815,0.52
816,0.52
817,0.53
818,0.53
819,0.53
820,0.53
821,0.5333333333333333
822,0.54
823,0.54
824,0.54
825,0.54
826,0.54
827,0.54
828,0.54
829,0.5433333333333333
830,0.55
831,0.55
832,0.55
833,0.5533333333333333
834,0.56
835,0.56
836,0.56
837,0.56
838,0.57
839,0.58
840,0.58
841,0.58
842,0.58
843,0.58
844,0.57
845,0.57
846,0.56
847,0.56
848,0.56
849,0.5566666666666668
850,0.55
851,0.55
852,0.55
853,0.55
854,0.55
855,0.55
856,0.55
857,0.55
858,0.55
859,0.55
860,0.55
861,0.55
862,0.55
863,0.55
864,0.55
865,0.55
866,0.55
867,0.55
868,0.55
869,0.55
870,0.55
871,0.55
872,0.55
873,0.55
874,0.55
875,0.55
876,0.55
877,0.55
878,0.55
879,0.55
880,0.55
881,0.55
882,0.55
883,0.54
884,0.54
885,0.54
886,0.54
887,0.54
888,0.54
889,0.54
890,0.54
891,0.54
892,0.54
893,0.54
894,0.54
895,0.54
896,0.54
897,0.54
898,0.54
899,0.54
900,0.54
901,0.54
902,0.54
903,0.54
904,0.54
905,0.5466666666666667
906,0.5633333333333334
907,0.57
908,0.5766666666666667
909,0.58
910,0.5733333333333333
911,0.5666666666666668
912,0.56
913,0.56
914,0.56
915,0.56
916,0.56
917,0.56
918,0.57
919,0.57
920,0.57
921,0.57
922,0.5766666666666667
923,0.58
924,0.5866666666666666
925,0.59
926,0.59
927,0.59
928,0.58
929,0.5833333333333334
930,0.59
931,0.5833333333333334
932,0.5866666666666666
933,0.5833333333333334
934,0.59
935,0.59
936,0.59
937,0.59
938,0.59
939,0.59
940,0.59
941,0.59
942,0.59
943,0.59
944,0.59
945,0.5833333333333334
946,0.58
947,0.5866666666666666
948,0.59
949,0.59
950,0.59
951,0.59
952,0.59
953,0.59
954,0.59
955,0.59
956,0.59
957,0.59
958,0.59
959,0.59
960,0.59
961,0.59
962,0.59
963,0.59
964,0.59
965,0.59
966,0.59
967,0.59
968,0.59
969,0.59
970,0.59
971,0.59
972,0.59
973,0.6
974,0.6
975,0.6
976,0.6
977,0.6
978,0.6
979,0.59
980,0.59
981,0.59
982,0.59
983,0.59
984,0.59
985,0.59
986,0.59
987,0.59
988,0.59
989,0.59
990,0.59
991,0.59
992,0.59
993,0.59
994,0.59
995,0.59
996,0.59
997,0.59
998,0.59
999,0.59
1000,0.59
1001,0.59
1002,0.59
1003,0.59
1004,0.59
1005,0.59
1006,0.59
1007,0.59
1008,0.59
1009,0.59
1010,0.59
1011,0.59
1012,0.59
1013,0.5866666666666666
1014,0.5866666666666666
1015,0.59
1016,0.59
1017,0.59
1018,0.59
1019,0.5866666666666666
1020,0.58
1021,0.58
1022,0.58
1023,0.58
1024,0.58
1025,0.58
1026,0.58
1027,0.58
1028,0.58
1029,0.58
1030,0.58
1031,0.58
1032,0.58
1033,0.58
1034,0.58
1035,0.58
1036,0.58
1037,0.58
1038,0.58
1039,0.58
1040,0.58
1041,0.58
1042,0.58
1043,0.58
1044,0.58
1045,0.58
1046,0.58
1047,0.58
1048,0.58
1049,0.58
1050,0.58
1051,0.58
1052,0.58
1053,0.58
1054,0.58
1055,0.5833333333333334
1056,0.59
1057,0.59
1058,0.59
1059,0.59
1060,0.5866666666666666
1061,0.58
1062,0.58
1063,0.58
1064,0.58
1065,0.58
1066,0.58
1067,0.58
1068,0.58
1069,0.58
1070,0.58
1071,0.58
1072,0.5766666666666667
1073,0.57
1074,0.57
1075,0.57
1076,0.57
1077,0.57
1078,0.57
1079,0.57
1080,0.57
1081,0.57
1082,0.57
1083,0.57
1084,0.57
1085,0.57
1086,0.57
1087,0.57
1088,0.57
1089,0.57
1090,0.57
1091,0.57
1092,0.57
1093,0.57
1094,0.57
1095,0.57
1096,0.57
1097,0.57
1098,0.57
1099,0.57
1100,0.57
1101,0.57
1102,0.57
1103,0.57
1104,0.57
1105,0.57
1106,0.57
1107,0.57
1108,0.57
1109,0.57
1110,0.57
1111,0.57
1112,0.57
1113,0.57
1114,0.57
1115,0.57
1116,0.57
1117,0.57
1118,0.57
1119,0.57
1120,0.57
1121,0.57
1122,0.57
1123,0.57
1124,0.57
1125,0.57
1126,0.57
1127,0.58
1128,0.58
1129,0.58
1130,0.58
1131,0.58
1132,0.58
1133,0.58
1134,0.58
1135,0.58
1136,0.58
1137,0.58
1138,0.58
1139,0.58
1140,0.58
1141,0.58
1142,0.58
1143,0.58
1144,0.58
1145,0.58
1146,0.58
1147,0.58
1148,0.58
1149,0.58
1150,0.58
1151,0.58
1152,0.58
1153,0.58
1154,0.58
1155,0.58
1156,0.58
1157,0.58
1158,0.57
1159,0.57
1160,0.57
1161,0.57
1162,0.57
1163,0.57
1164,0.57
1165,0.57
1166,0.57
1167,0.5766666666666667
1168,0.58
1169,0.58
1170,0.5733333333333333
1171,0.5733333333333333
1172,0.58
1173,0.58
1174,0.58
1175,0.58
1176,0.58
1177,0.58
1178,0.58
1179,0.58
1180,0.58
1181,0.58
1182,0.58
1183,0.58
1184,0.58
1185,0.58
1186,0.58
1187,0.58
1188,0.58
1189,0.58
1190,0.58
1191,0.58
1192,0.58
1193,0.58
1194,0.58
1195,0.58
1196,0.58
1197,0.58
1198,0.58
1199,0.58
1200,0.58
1201,0.58
1202,0.58
1203,0.58
1204,0.58
1205,0.58
1206,0.58
1207,0.58
1208,0.58
1209,0.58
1210,0.58
1211,0.58
1212,0.58
1213,0.58
1214,0.58
1215,0.58
1216,0.58
1217,0.5733333333333333
1218,0.57
1219,0.57
1220,0.57
1221,0.57
1222,0.57
1223,0.57
1224,0.57
1225,0.57
1226,0.57
1227,0.57
1228,0.57
1229,0.57
1230,0.57
1231,0.57
1232,0.57
1233,0.5666666666666667
1234,0.56
1235,0.56
1236,0.56
1237,0.56
1238,0.56
1239,0.56
1240,0.56
1241,0.56
1242,0.56
1243,0.56
1244,0.56
1245,0.56
1246,0.56
1247,0.56
1248,0.56
1249,0.56
1250,0.56
1251,0.56
1252,0.56
1253,0.56
1254,0.56
1255,0.56
1256,0.56
1257,0.56
1258,0.56
1259,0.56
1260,0.56
1261,0.5633333333333334
1262,0.56
1263,0.56
1264,0.57
1265,0.57
1266,0.57
1267,0.57
1268,0.57
1269,0.57
1270,0.57
1271,0.57
1272,0.57
1273,0.57
1274,0.57
1275,0.5666666666666667
1276,0.56
1277,0.57
1278,0.57
1279,0.57
1280,0.56
1281,0.56
1282,0.56
1283,0.56
1284,0.5533333333333333
1285,0.5533333333333333
1286,0.56
1287,0.56
1288,0.5566666666666668
1289,0.56
1290,0.56
1291,0.56
1292,0.5633333333333334
1293,0.5733333333333333
1294,0.57
1295,0.5766666666666667
1296,0.5833333333333334
1297,0.58
1298,0.5733333333333333
1299,0.57
1300,0.57
1301,0.57
1302,0.57
1303,0.57
1304,0.57
1305,0.57
1306,0.57
1307,0.57
1308,0.57
1309,0.57
1310,0.57
1311,0.57
1312,0.57
1313,0.57
1314,0.57
1315,0.57
1316,0.57
1317,0.5733333333333333
1318,0.57
1319,0.57
1320,0.5733333333333333
1321,0.58
1322,0.5766666666666667
1323,0.57
1324,0.5766666666666667
1325,0.58
1326,0.58
1327,0.58
1328,0.58
1329,0.58
1330,0.58
1331,0.58
1332,0.59
1333,0.59
1334,0.59
1335,0.6
1336,0.6
1337,0.6
1338,0.6
1339,0.61
1340,0.61
1341,0.61
1342,0.61
1343,0.61
1344,0.6
1345,0.6
1346,0.6
1347,0.6
1348,0.6
1349,0.6066666666666666
1350,0.58
1351,0.58
1352,0.58
1353,0.58
1354,0.58
1355,0.58
1356,0.58
1357,0.58
1358,0.58
1359,0.58
1360,0.5833333333333334
1361,0.59
1362,0.59
1363,0.59
1364,0.5966666666666667
1365,0.6066666666666666
1366,0.6066666666666666
1367,0.61
1368,0.61
1369,0.61
1370,0.61
1371,0.61
1372,0.62
1373,0.62
1374,0.62
1375,0.62
1376,0.62
1377,0.61
1378,0.61
1379,0.6
1380,0.59
1381,0.58
1382,0.58
1383,0.58
1384,0.58
1385,0.58
1386,0.58
1387,0.59
1388,0.59
1389,0.5833333333333334
1390,0.58
1391,0.58
1392,0.58
1393,0.58
1394,0.58
1395,0.5833333333333334
1396,0.59
1397,0.6033333333333334
1398,0.61
1399,0.61
1400,0.62
1401,0.62
1402,0.6133333333333333
1403,0.61
1404,0.6133333333333333
1405,0.61
1406,0.61
1407,0.61
1408,0.61
1409,0.61
1410,0.61
1411,0.61
1412,0.61
1413,0.61
1414,0.61
1415,0.61
1416,0.61
1417,0.61
1418,0.61
1419,0.61
1420,0.61
1421,0.61
1422,0.6166666666666667
1423,0.61
1424,0.61
1425,0.61
1426,0.61
1427,0.61
1428,0.61
1429,0.6166666666666667
1430,0.62
1431,0.62
1432,0.62
1433,0.62
1434,0.62
1435,0.61
1436,0.62
1437,0.5866666666666666
1438,0.59
1439,0.5966666666666667
1440,0.6066666666666666
1441,0.61
1442,0.6166666666666667
1443,0.62
1444,0.6166666666666667
1445,0.61
1446,0.61
1447,0.61
1448,0.61
1449,0.61
1450,0.61
1451,0.61
1452,0.6066666666666666
1453,0.6066666666666666
1454,0.61
1455,0.61
1456,0.61
1457,0.61
1458,0.61
1459,0.61
1460,0.61
1461,0.61
1462,0.61
1463,0.61
1464,0.61
1465,0.61
1466,0.61
1467,0.61
1468,0.61
1469,0.61
1470,0.61
1471,0.6133333333333333
1472,0.6166666666666667
1473,0.62
1474,0.62
1475,0.62
1476,0.6166666666666667
1477,0.61
1478,0.6133333333333333
1479,0.5833333333333334
1480,0.57
1481,0.57
1482,0.5733333333333333
1483,0.57
1484,0.57
1485,0.5733333333333333
1486,0.59
1487,0.58
1488,0.58
1489,0.5833333333333334
1490,0.5833333333333334
1491,0.59
1492,0.59
1493,0.59
1494,0.5933333333333333
1495,0.59
1496,0.58
1497,0.58
1498,0.58
1499,0.58
1500,0.5833333333333334
1501,0.59
1502,0.59
1503,0.5966666666666667
1504,0.61
1505,0.61
1506,0.61
1507,0.61
1508,0.61
1509,0.61
1510,0.61
1511,0.61
1512,0.61
1513,0.61
1514,0.61
1515,0.61
1516,0.6066666666666666
1517,0.61
1518,0.61
1519,0.61
1520,0.61
1521,0.61
1522,0.61
1523,0.61
1524,0.61
1525,0.61
1526,0.61
1527,0.61
1528,0.61
1529,0.61
1530,0.61
1531,0.61
1532,0.61
1533,0.61
1534,0.61
1535,0.61
1536,0.61
1537,0.61
1538,0.61
1539,0.61
1540,0.61
1541,0.61
1542,0.6166666666666667
1543,0.52
1544,0.52
1545,0.52
1546,0.53
1547,0.53
1548,0.53
1549,0.53
1550,0.53
1551,0.53
1552,0.53
1553,0.53
1554,0.53
1555,0.53
1556,0.53
1557,0.53
1558,0.53
1559,0.51
1560,0.5
1561,0.5
1562,0.5
1563,0.5
1564,0.5033333333333333
1565,0.5133333333333333
1566,0.52
1567,0.52
1568,0.52
1569,0.52
1570,0.52
1571,0.53
1572,0.5266666666666667
1573,0.53
1574,0.54
1575,0.5466666666666667
1576,0.5366666666666667
1577,0.53
1578,0.5266666666666667
1579,0.5233333333333333
1580,0.52
1581,0.52
1582,0.5266666666666667
1583,0.53
1584,0.53
1585,0.5333333333333333
1586,0.53
1587,0.53
1588,0.5366666666666667
1589,0.54
1590,0.5466666666666667
1591,0.54
1592,0.5433333333333333
1593,0.55
1594,0.55
1595,0.55
1596,0.55
1597,0.5533333333333333
1598,0.5533333333333333
1599,0.5533333333333333
1600,0.55
1601,0.55
1602,0.55
1603,0.5533333333333333
1604,0.56
1605,0.56
1606,0.56
1607,0.5766666666666667
1608,0.58
1609,0.58
1610,0.58
1611,0.5833333333333334
1612,0.58
1613,0.58
1614,0.58
1615,0.58
1616,0.58
1617,0.58
1618,0.58
1619,0.58
1620,0.58
1621,0.58
1622,0.58
1623,0.58
1624,0.5866666666666666
1625,0.59
1626,0.59
1627,0.59
1628,0.59
1629,0.59
1630,0.59
1631,0.6
1632,0.61
1633,0.6033333333333334
1634,0.6
1635,0.6033333333333334
1636,0.61
1637,0.61
1638,0.61
1639,0.61
1640,0.61
1641,0.61
1642,0.61
1643,0.61
1644,0.6
1645,0.6
1646,0.6
1647,0.58
1648,0.58
1649,0.58
1650,0.58
1651,0.58
1652,0.58
1653,0.5833333333333334
1654,0.59
1655,0.59
1656,0.59
1657,0.59
1658,0.59
1659,0.59
1660,0.5933333333333333
1661,0.6066666666666666
1662,0.6033333333333334
1663,0.61
1664,0.61
1665,0.61
1666,0.61
1667,0.61
1668,0.6166666666666667
1669,0.62
1670,0.62
1671,0.62
1672,0.62
1673,0.62
1674,0.61
1675,0.6133333333333333
1676,0.61
1677,0.61
1678,0.61
1679,0.61
1680,0.61
1681,0.61
1682,0.61
1683,0.61
1684,0.61
1685,0.61
1686,0.61
1687,0.61
1688,0.61
1689,0.61
1690,0.61
1691,0.61
1692,0.6033333333333334
1693,0.6
1694,0.6066666666666666
1695,0.61
1696,0.61
1697,0.61
1698,0.61
1699,0.61
1700,0.6033333333333334
1701,0.6033333333333334
1702,0.6
1703,0.6
1704,0.6
1705,0.6
1706,0.6
1707,0.6
1708,0.61
1709,0.61
1710,0.61
1711,0.61
1712,0.61
1713,0.6
1714,0.6
1715,0.6
1716,0.56
1717,0.5433333333333333
1718,0.57
1719,0.59
1720,0.59
1721,0.59
1722,0.59
1723,0.59
1724,0.59
1725,0.59
1726,0.59
1727,0.59
1728,0.59
1729,0.59
1730,0.59
1731,0.59
1732,0.6
1733,0.6
1734,0.6
1735,0.6
1736,0.61
1737,0.61
1738,0.6066666666666666
1739,0.6033333333333334
1740,0.6033333333333334
1741,0.6
1742,0.6
1743,0.5966666666666667
1744,0.6
1745,0.6
1746,0.6
1747,0.6
1748,0.6
1749,0.5966666666666667
1750,0.59
1751,0.5933333333333333
1752,0.6
1753,0.6
1754,0.6
1755,0.6
1756,0.6
1757,0.6
1758,0.6
1759,0.5933333333333333
1760,0.57
1761,0.57
1762,0.58
1763,0.58
1764,0.58
1765,0.58
1766,0.58
1767,0.58
1768,0.58
1769,0.58
1770,0.58
1771,0.58
1772,0.58
1773,0.57
1774,0.57
1775,0.57
1776,0.57
1777,0.57
1778,0.57
1779,0.58
1780,0.58
1781,0.58
1782,0.58
1783,0.58
1784,0.57
1785,0.57
1786,0.5666666666666667
1787,0.5666666666666667
1788,0.56
1789,0.56
1790,0.56
1791,0.56
1792,0.5666666666666667
1793,0.5633333333333334
1794,0.56
1795,0.57
1796,0.57
1797,0.57
1798,0.5666666666666667
1799,0.57
1800,0.57
1801,0.57
1802,0.57
1803,0.5633333333333334
1804,0.56
1805,0.5533333333333333
1806,0.55
1807,0.32666666666666666
1808,0.3233333333333333
1809,0.3333333333333333
1810,0.31333333333333335
1811,0.28
1812,0.28
1813,0.28
1814,0.28
1815,0.27
1816,0.27
1817,0.28
1818,0.2866666666666667
1819,0.24666666666666667
1820,0.22333333333333336
1821,0.19000000000000003
1822,0.18000000000000002
1823,0.24
1824,0.27
1825,0.28
1826,0.2733333333333334
1827,0.25666666666666665
1828,0.24
1829,0.24
1830,0.2333333333333333
1831,0.23
1832,0.23
1833,0.23
1834,0.22666666666666668
1835,0.22999999999999998
1836,0.24
1837,0.25
1838,0.25
1839,0.25333333333333335
1840,0.25
1841,0.25
1842,0.25
1843,0.25
1844,0.26
1845,0.26
1846,0.26
1847,0.26
1848,0.2733333333333334
1849,0.29000000000000004
1850,0.26666666666666666
1851,0.24666666666666667
1852,0.2333333333333333
1853,0.23666666666666666
1854,0.24
1855,0.25
1856,0.2833333333333334
1857,0.3033333333333333
1858,0.29
1859,0.29666666666666663
1860,0.3
1861,0.2833333333333334
1862,0.2866666666666667
1863,0.3
